# Comments,Timestamp,comments_comp,comments_neg,comments_neu,comments_pos,score,submission_compound,submission_neg,submission_neu,submission_pos,title_compound,title_neg,title_neu,title_pos
0,9/1/2018 21:04,0,0,0,0,1,0.9988,0,0.767,0.233,0.3612,0,0.462,0.538
1,9/1/2018 20:28,0.3182,0,0.943,0.057,1,0,0,0,0,0.5267,0,0.861,0.139
8,9/1/2018 18:46,0.3618,0.0095,0.76025,0.230375,1,0.5499,0.058,0.832,0.11,0,0,1,0
2,8/31/2018 11:20,0.3182,0,0.943,0.057,1,0,0,0,0,0.34,0.297,0.316,0.386
0,8/30/2018 7:22,0,0,0,0,1,0.9979,0.064,0.772,0.164,0.3182,0,0.685,0.315
1,8/29/2018 13:30,0.3182,0,0.901,0.099,1,0,0,0,0,0,0,1,0
2,8/29/2018 7:30,0.0772,0.159,0.647,0.194,1,0.9612,0,0.883,0.117,0,0,1,0
0,8/28/2018 8:15,0,0,0,0,1,0.9946,0.005,0.825,0.17,0,0,1,0
1,8/28/2018 7:24,0.0859,0.11,0.798,0.091,1,0.9783,0.022,0.816,0.162,0.4019,0,0.27,0.73
0,8/27/2018 21:23,0,0,0,0,1,0.9879,0.049,0.829,0.122,0.1779,0,0.779,0.221
1,8/27/2018 12:56,0,0,0,0,1,0.9647,0,0.895,0.105,0,0,1,0
0,8/27/2018 12:37,0,0,0,0,1,0.3612,0.046,0.87,0.084,0.1779,0,0.825,0.175
0,8/27/2018 2:45,0,0,0,0,1,0.9967,0.017,0.841,0.141,0.8225,0,0.583,0.417
1,8/26/2018 21:12,0.3182,0,0.943,0.057,1,0,0,0,0,0.5423,0,0.696,0.304
10,8/26/2018 12:06,0.36438,0.0159,0.8565,0.1275,1,0.6249,0,0.85,0.15,0,0,1,0
1,8/26/2018 10:38,0.3182,0,0.943,0.057,1,0,0,0,0,0,0,1,0
2,8/24/2018 20:49,0.3182,0,0.943,0.057,1,0,0,0,0,0.6124,0,0.688,0.312
1,8/23/2018 12:07,0.3182,0,0.943,0.057,1,0,0,0,0,0.5719,0,0.875,0.125
0,8/23/2018 0:34,0,0,0,0,1,0,0,1,0,0.2732,0,0.84,0.16
2,8/22/2018 10:10,0.3182,0,0.943,0.057,1,0,0,0,0,0.4019,0,0.722,0.278
2,8/21/2018 20:52,0.17585,0.0745,0.798,0.1275,1,0.4404,0,0.854,0.146,0,0,1,0
1,8/20/2018 21:08,0.3182,0,0.943,0.057,1,0,0,0,0,0,0,1,0
18,8/20/2018 19:08,0.212152941,0.026647059,0.873764706,0.099529412,1,0.5023,0,0.889,0.111,0,0,1,0
2,8/20/2018 18:23,0.3182,0,0.943,0.057,1,0,0,0,0,0.2732,0,0.811,0.189
4,8/20/2018 3:51,0.453575,0.07275,0.79175,0.13575,1,0.9864,0.049,0.83,0.121,0.4019,0,0.748,0.252
15,8/19/2018 17:32,0.515073333,0.035933333,0.782733333,0.1814,1,0.7096,0,0.859,0.141,0.4939,0,0.61,0.39
1,8/19/2018 10:47,0.8779,0.015,0.89,0.095,1,0.8221,0,0.744,0.256,0.34,0,0.745,0.255
0,8/17/2018 15:28,0,0,0,0,1,0.9819,0,0.79,0.21,0.1316,0.094,0.772,0.134
0,8/16/2018 16:21,0,0,0,0,1,0.9875,0.049,0.829,0.122,0,0,1,0
0,8/16/2018 6:20,0,0,0,0,1,0,0,0,0,0.4767,0,0.78,0.22
1,8/15/2018 21:13,0.3182,0,0.943,0.057,1,0,0,0,0,-0.5574,0.173,0.827,0
6,8/15/2018 17:13,0.44968,0.0564,0.657,0.2868,1,0.9473,0.029,0.815,0.156,0.4215,0,0.517,0.483
0,8/15/2018 15:06,0,0,0,0,1,0,0,1,0,0.87,0,0.611,0.389
0,8/13/2018 10:40,0,0,0,0,1,0,0,1,0,0,0,1,0
0,8/11/2018 1:57,0,0,0,0,1,0.6792,0,0.843,0.157,0,0,1,0
0,8/10/2018 15:55,0,0,0,0,1,0,0,0,0,0,0,1,0
1,8/9/2018 22:46,0.3182,0,0.943,0.057,1,0,0,0,0,0.3818,0,0.698,0.302
0,8/9/2018 13:25,0,0,0,0,1,0.5411,0.073,0.767,0.16,-0.1531,0.182,0.676,0.142
1,8/7/2018 22:47,0.3182,0,0.943,0.057,1,0,0,0,0,0.3818,0,0.843,0.157
2,8/6/2018 16:52,0.35885,0.0445,0.8035,0.1515,1,0.7456,0,0.904,0.096,0.0772,0,0.794,0.206
1,8/6/2018 15:04,0.7814,0.014,0.87,0.116,1,0.9733,0.007,0.944,0.048,0.3612,0,0.848,0.152
1,8/5/2018 1:27,0.296,0.046,0.895,0.059,1,-0.8053,0.071,0.912,0.017,0.4404,0,0.756,0.244
2,8/3/2018 18:37,0.4721,0.023,0.851,0.126,1,0.4404,0,0.948,0.052,0.2023,0,0.526,0.474
2,8/2/2018 17:12,0.2294,0,0.9465,0.0535,1,0.9684,0.025,0.86,0.115,0.4019,0,0.69,0.31
0,8/2/2018 6:55,0,0,0,0,1,0,0,0,0,0.3612,0,0.783,0.217
5,8/1/2018 19:32,0.2425,0.131,0.7294,0.1396,1,0,0,0,0,-0.2263,0.174,0.826,0
3,8/1/2018 5:45,0.409766667,0,0.781333333,0.218666667,1,0.8947,0.061,0.77,0.17,0,0,1,0
0,7/31/2018 18:29,0,0,0,0,1,0,0,0,0,0.5106,0,0.769,0.231
0,7/31/2018 15:46,0,0,0,0,1,0,0,0,0,0,0,1,0
0,7/30/2018 21:39,0,0,0,0,1,0,0,1,0,0.3612,0,0.884,0.116
0,7/30/2018 20:54,0,0,0,0,1,0,0,0,0,0,0,1,0
10,7/29/2018 19:07,0.60247,0.0176,0.8033,0.1792,1,0.8708,0,0.898,0.102,0,0,1,0
0,7/28/2018 0:39,0,0,0,0,1,0.7081,0.08,0.828,0.091,0,0,1,0
0,7/27/2018 21:33,0,0,0,0,1,0,0,0,0,0.6369,0,0.785,0.215
0,7/27/2018 20:12,0,0,0,0,1,0,0,0,0,-0.34,0.146,0.854,0
4,7/27/2018 7:47,0.4948,0.0275,0.86675,0.106,1,0.0772,0,0.976,0.024,0.0772,0,0.606,0.394
0,7/25/2018 12:59,0,0,0,0,1,0,0,0,0,-0.6808,0.301,0.699,0
0,7/24/2018 5:27,0,0,0,0,1,0,0,0,0,0.4019,0,0.748,0.252
0,7/24/2018 1:59,0,0,0,0,1,0.9829,0.063,0.808,0.129,0.296,0,0.833,0.167
3,7/23/2018 21:42,0.179833333,0.062333333,0.789,0.148666667,1,0.3138,0.087,0.8,0.113,0.4019,0,0.787,0.213
5,7/23/2018 21:21,0.38666,0.0092,0.929,0.0618,1,0.3291,0,0.971,0.029,0,0,1,0
4,7/21/2018 1:32,-0.133475,0.0935,0.8375,0.069,1,0.7984,0,0.811,0.189,0,0,1,0
1,7/19/2018 18:14,0,0,1,0,1,0.7184,0,0.897,0.103,0,0,1,0
2,7/19/2018 15:33,0.3182,0,0.943,0.057,1,0,0,0,0,0,0,1,0
2,7/19/2018 12:56,0.3182,0,0.943,0.057,1,0,0,0,0,0,0,1,0
1,7/19/2018 2:22,0,0,1,0,1,0.9903,0.046,0.809,0.145,0,0,1,0
0,7/18/2018 7:37,0,0,0,0,1,0,0,0,0,0.4939,0,0.89,0.11
2,7/17/2018 14:04,0.91175,0,0.77,0.23,1,0.9893,0,0.784,0.216,0,0,1,0
0,7/17/2018 8:07,0,0,0,0,1,0.9713,0.007,0.881,0.112,0.3182,0,0.827,0.173
1,7/16/2018 19:00,0.3182,0,0.943,0.057,1,0,0,0,0,0.34,0,0.87,0.13
0,7/16/2018 5:57,0,0,0,0,1,0,0,0,0,0,0,1,0
0,7/13/2018 8:37,0,0,0,0,1,0.9592,0.037,0.596,0.367,0,0,1,0
0,7/13/2018 3:46,0,0,0,0,1,0.9823,0.048,0.792,0.16,0.4019,0,0.69,0.31
0,7/11/2018 20:09,0,0,0,0,1,0,0,1,0,0,0,1,0
1,7/11/2018 18:40,0.3182,0,0.943,0.057,1,0,0,0,0,0.5267,0,0.673,0.327
1,7/11/2018 12:16,0.3182,0,0.943,0.057,1,0,0,0,0,0,0,1,0
0,7/11/2018 11:39,0,0,0,0,1,0.9983,0.024,0.814,0.162,0,0,1,0
4,7/11/2018 10:26,0.4669,0,0.85475,0.14525,1,0,0,1,0,0.4019,0,0.748,0.252
6,7/11/2018 8:41,0.40518,0,0.7554,0.2446,1,0,0,0,0,0.34,0,0.821,0.179
2,7/11/2018 1:35,0.60445,0,0.5455,0.4545,1,-0.9432,0.265,0.629,0.105,-0.8689,0.386,0.538,0.076
2,7/11/2018 1:19,0.8515,0.0605,0.83,0.1095,1,-0.9432,0.265,0.629,0.105,-0.8126,0.374,0.534,0.092
0,7/10/2018 20:08,0,0,0,0,1,-0.7512,0.1,0.874,0.026,0,0,1,0
2,7/10/2018 14:50,0.3182,0,0.943,0.057,1,0,0,0,0,0.1779,0,0.746,0.254
8,7/10/2018 7:56,0.3002125,0.03675,0.794,0.169125,1,0.9712,0.079,0.706,0.214,0,0,1,0
0,7/9/2018 17:06,0,0,0,0,1,0,0,0,0,0.1779,0.038,0.904,0.058
0,7/8/2018 6:37,0,0,0,0,1,0,0,1,0,0.7059,0,0.689,0.311
0,7/7/2018 5:58,0,0,0,0,1,0,0,0,0,0,0,1,0
0,7/6/2018 11:30,0,0,0,0,1,0.9839,0.043,0.844,0.113,0,0,1,0
0,7/6/2018 11:27,0,0,0,0,1,0.9292,0.02,0.737,0.243,0,0,1,0
0,7/6/2018 7:26,0,0,0,0,1,0.9871,0,0.876,0.124,0,0,1,0
14,7/4/2018 10:48,0.31845,0.056928571,0.668928571,0.274357143,1,-0.5719,0.106,0.894,0,0.2732,0,0.792,0.208
2,7/4/2018 6:26,0.3182,0,0.943,0.057,1,0,0,0,0,0.0772,0.079,0.794,0.126
1,7/3/2018 21:52,0.296,0.052,0.848,0.1,1,0,0,0,0,0.8053,0,0.673,0.327
3,7/3/2018 10:06,0.398133333,0.025666667,0.628,0.346333333,1,0,0,0,0,0.4767,0,0.795,0.205
1,7/2/2018 17:57,0.5106,0,0.829,0.171,1,0.8519,0,0.671,0.329,0,0,1,0
11,7/2/2018 15:13,0.483781818,0.015181818,0.655909091,0.328909091,1,0.7131,0,0.901,0.099,0,0,1,0
2,6/30/2018 9:14,0.7096,0,0,1,1,0,0,1,0,0.1779,0,0.779,0.221
2,6/30/2018 4:46,-0.19885,0.199,0.6895,0.1115,1,0.765,0.053,0.823,0.124,0.1779,0,0,1
23,6/29/2018 22:42,0.256195652,0.024782609,0.828,0.147173913,1,-0.3804,0.088,0.912,0,0.6369,0,0.769,0.231
4,6/29/2018 11:53,0.2744,0,0.725,0.275,1,0,0,0,0,-0.2973,0.094,0.851,0.054
9,6/28/2018 23:36,0.4501375,0.039,0.831875,0.129125,1,0.765,0,0.769,0.231,0,0,1,0
0,6/28/2018 17:59,0,0,0,0,1,0,0,0,0,0,0,1,0
1,6/28/2018 12:42,0.6908,0,0.849,0.151,1,0,0,0,0,0,0,1,0
0,6/28/2018 7:03,0,0,0,0,1,0,0,0,0,0,0,1,0
0,6/27/2018 13:30,0,0,0,0,1,0.296,0,0.916,0.084,0.4215,0,0.588,0.412
2,6/27/2018 12:44,0.21075,0,0.9295,0.0705,1,0,0,0,0,0.34,0,0.789,0.211
2,6/27/2018 8:16,0.4111,0,0.9135,0.0865,1,0.836,0,0.907,0.093,0,0,1,0
0,6/26/2018 22:33,0,0,0,0,1,0,0,1,0,0.6249,0,0.638,0.362
0,6/26/2018 17:13,0,0,0,0,1,0,0,0,0,0,0,1,0
1,6/26/2018 12:52,0.6249,0,0.594,0.406,1,0,0,0,0,0.3182,0,0.827,0.173
32,6/25/2018 17:04,0.498383871,0.009225806,0.863387097,0.127322581,1,0.9778,0.007,0.914,0.078,0,0,1,0
4,6/24/2018 20:45,0.651225,0.02375,0.8615,0.115,1,0.8934,0,0.765,0.235,0,0,1,0
0,6/23/2018 4:40,0,0,0,0,1,0.9231,0,0.802,0.198,0,0,1,0
2,6/22/2018 9:03,0.3182,0,0.943,0.057,1,0,0,0,0,0,0,1,0
0,6/21/2018 6:18,0,0,0,0,1,0,0,1,0,0,0,1,0
0,6/21/2018 4:43,0,0,0,0,1,0.3182,0,0.954,0.046,0,0,1,0
3,6/20/2018 21:10,0.465466667,0.029,0.856333333,0.114666667,1,0,0,0,0,0,0,1,0
9,6/20/2018 8:40,-0.004055556,0.030111111,0.943,0.026888889,1,0.9965,0.017,0.869,0.113,0.4019,0,0.649,0.351
9,6/19/2018 13:40,0.344488889,0.072,0.817777778,0.110222222,1,0.9041,0.027,0.837,0.136,0,0,1,0
1,6/19/2018 12:53,0.8748,0,0.847,0.153,1,0.2144,0.016,0.929,0.055,0,0,1,0
0,6/18/2018 11:26,0,0,0,0,1,0.8689,0,0.847,0.153,0,0,1,0
4,6/15/2018 22:06,0.19705,0.021,0.84,0.139,1,0.8197,0.028,0.85,0.122,0,0,1,0
0,6/14/2018 11:54,0,0,0,0,1,0,0,0,0,0,0,1,0
3,6/14/2018 6:33,0.1263,0.222,0.505,0.272,1,0.998,0.044,0.798,0.158,0.34,0,0.556,0.444
0,6/13/2018 16:28,0,0,0,0,1,0,0,0,0,0.5106,0,0.602,0.398
0,6/13/2018 14:26,0,0,0,0,1,0.6072,0.094,0.798,0.109,0,0,1,0
2,6/13/2018 10:17,0.4019,0.06,0.825,0.115,1,0.9898,0.019,0.868,0.113,0,0,1,0
0,6/13/2018 8:54,0,0,0,0,1,0.6072,0.027,0.85,0.123,0,0,1,0
1,6/13/2018 6:25,0.34,0,0.844,0.156,1,0.9974,0.077,0.747,0.177,0.5994,0,0.38,0.62
0,6/12/2018 16:31,0,0,0,0,1,0,0,0,0,0,0,1,0
1,6/12/2018 10:22,0,0,0,0,1,0,0,0,0,0.6124,0,0.667,0.333
0,6/12/2018 9:56,0,0,0,0,1,0.5122,0.047,0.836,0.117,0,0,1,0
0,6/11/2018 21:44,0,0,0,0,1,0.9888,0,0.687,0.313,0.7783,0,0.618,0.382
0,6/11/2018 12:29,0,0,0,0,1,0.5106,0,0.924,0.076,0,0,1,0
0,6/11/2018 10:05,0,0,0,0,1,0,0,0,0,0,0,1,0
4,6/10/2018 13:11,0.100475,0.012,0.9675,0.02025,1,0.9556,0.022,0.84,0.139,0,0,1,0
0,6/9/2018 16:09,0,0,0,0,1,0.7574,0,0.897,0.103,0,0,1,0
2,6/9/2018 1:12,0.38885,0.0385,0.8295,0.132,1,0,0,0,0,0,0,1,0
0,6/8/2018 18:57,0,0,0,0,1,-0.1027,0.086,0.846,0.068,-0.6124,0.385,0.615,0
1,6/8/2018 14:27,0,0,1,0,1,0.25,0,0.943,0.057,0,0,1,0
0,6/7/2018 16:42,0,0,0,0,1,0,0,0,0,0.1531,0.164,0.625,0.211
0,6/6/2018 17:15,0,0,0,0,1,0,0,0,0,0,0,1,0
11,6/6/2018 16:23,0.3893,0.0134,0.8364,0.1502,1,0.9555,0.028,0.845,0.127,0,0,1,0
0,6/6/2018 15:02,0,0,0,0,1,0.9501,0.019,0.702,0.279,0.4019,0,0.69,0.31
1,6/6/2018 9:42,0,0,0,0,1,0,0,0,0,0,0,1,0
2,6/6/2018 0:13,0.74265,0.0085,0.8615,0.13,1,0.9632,0.01,0.833,0.156,0,0,1,0
3,6/5/2018 19:18,0.883766667,0.010333333,0.813666667,0.175666667,1,0.9911,0.012,0.77,0.218,0,0,1,0
5,6/5/2018 17:51,0.4542,0.0032,0.896,0.1008,1,0.8933,0.025,0.849,0.126,0,0,1,0
0,6/5/2018 12:48,0,0,0,0,1,0.8442,0.015,0.839,0.146,0,0,1,0
8,6/3/2018 22:49,0.2260875,0.006875,0.879375,0.11375,1,0.6597,0,0.759,0.241,0,0,1,0
4,6/3/2018 17:06,0.462175,0.02075,0.926,0.0535,1,0.9405,0,0.923,0.077,0,0,1,0
0,6/3/2018 16:51,0,0,0,0,1,0.9405,0,0.923,0.077,0,0,1,0
7,6/3/2018 9:44,0.387414286,0.020714286,0.907714286,0.071714286,1,0.9552,0.018,0.818,0.165,0.4753,0,0.744,0.256
7,6/2/2018 18:31,0.181883333,0.007333333,0.9075,0.085166667,1,0,0,1,0,0,0,1,0
15,6/2/2018 6:55,0.46602,0.031333333,0.850533333,0.118133333,1,0.7424,0,0.855,0.145,0.0772,0,0.843,0.157
0,6/2/2018 2:09,0,0,0,0,1,0.984,0,0.796,0.204,0,0,1,0
1,6/2/2018 1:49,0.796,0,0.942,0.058,1,0.7876,0.024,0.904,0.072,0,0,1,0
1,6/1/2018 13:15,0.3612,0,0.848,0.152,1,0.7691,0,0.904,0.096,0,0,1,0
7,6/1/2018 11:39,0.489357143,0.009714286,0.880857143,0.109142857,1,0.4215,0,0.939,0.061,0.3182,0,0.685,0.315
0,6/1/2018 5:57,0,0,0,0,1,0.8583,0,0.845,0.155,0,0,1,0
0,5/31/2018 11:54,0,0,0,0,1,0,0,0,0,0,0,1,0
0,5/29/2018 16:11,0,0,0,0,1,0,0,0,0,0.1531,0,0.882,0.118
2,5/29/2018 14:01,0.3182,0,0.943,0.057,1,0,0,0,0,-0.34,0.184,0.71,0.106
1,5/29/2018 8:29,0.3182,0,0.943,0.057,1,0,0,0,0,0,0,1,0
0,5/28/2018 18:17,0,0,0,0,1,0,0,0,0,0.7158,0,0.807,0.193
2,5/25/2018 23:30,0.3182,0,0.943,0.057,1,0,0,0,0,0,0,1,0
1,5/25/2018 22:47,0.7269,0,0.881,0.119,1,0,0,1,0,0.4019,0,0.803,0.197
10,5/25/2018 9:13,0.29778,0.0414,0.8401,0.1185,1,0.6933,0.051,0.858,0.091,-0.4019,0.351,0.649,0
6,5/24/2018 19:26,0.134016667,0.014833333,0.738833333,0.079833333,1,0,0,1,0,0,0,1,0
4,5/23/2018 13:58,0.532525,0.00575,0.8365,0.15775,1,0.3939,0,0.949,0.051,0.3182,0,0.796,0.204
4,5/22/2018 14:52,0.378125,0.00975,0.72275,0.2675,1,-0.1926,0.061,0.861,0.078,0,0,1,0
1,5/22/2018 13:02,0.3182,0,0.943,0.057,1,0,0,0,0,0.3182,0,0.874,0.126
0,5/22/2018 4:43,0,0,0,0,1,0,0,1,0,0.296,0,0.732,0.268
0,5/21/2018 16:54,0,0,0,0,1,0,0,0,0,0.0772,0,0.947,0.053
5,5/20/2018 9:59,0.1426,0.06075,0.84375,0.09575,1,0,0,0,0,-0.8442,0.212,0.788,0
1,5/17/2018 18:58,0.5106,0,0.875,0.125,1,0.3182,0,0.977,0.023,0,0,1,0
2,5/17/2018 8:20,0.47615,0,0.79,0.21,1,0.937,0,0.788,0.212,0.0772,0,0.894,0.106
2,5/16/2018 14:19,0.3182,0,0.943,0.057,1,0,0,0,0,0,0,1,0
0,5/15/2018 9:45,0,0,0,0,1,0,0,0,0,0.4215,0,0.843,0.157
0,5/15/2018 2:21,0,0,0,0,1,0.984,0,0.796,0.204,0,0,1,0
0,5/15/2018 0:30,0,0,0,0,1,-0.1027,0.015,0.985,0,0.4588,0,0.786,0.214
3,5/14/2018 23:49,0.674466667,0.046333333,0.843,0.110333333,1,0.8941,0.024,0.887,0.089,0,0,1,0
12,5/13/2018 22:27,0.439458333,0.015166667,0.896833333,0.088,1,0.9752,0.07,0.829,0.1,0,0,1,0
1,5/13/2018 22:08,0.9286,0,0.911,0.089,1,0.6258,0.056,0.852,0.092,0,0,1,0
2,5/13/2018 17:35,0.4269,0,0.5145,0.4855,1,0,0,0,0,0.7466,0.038,0.811,0.15
1,5/11/2018 15:58,0.5423,0,0.877,0.123,1,0.8883,0,0.845,0.155,0,0,1,0
5,5/11/2018 13:57,0.20758,0.2222,0.6586,0.1192,1,0.9012,0,0.848,0.152,0,0,1,0
5,5/10/2018 18:25,0.07492,0.0242,0.9198,0.056,1,0.9612,0,0.764,0.236,0.6369,0,0.802,0.198
0,5/9/2018 11:26,0,0,0,0,1,0.8225,0,0.602,0.398,0,0,1,0
1,5/9/2018 7:24,0.3182,0,0.943,0.057,1,0,0,0,0,0.0772,0,0.92,0.08
0,5/8/2018 17:47,0,0,0,0,1,0,0,0,0,0,0,1,0
6,5/8/2018 13:32,0.438566667,0.010666667,0.59,0.065666667,1,0.1911,0.058,0.863,0.079,0.5574,0,0.685,0.315
10,5/7/2018 23:14,0.17854,0.073,0.8132,0.1137,1,0.8705,0,0.862,0.138,0,0,1,0
0,5/7/2018 22:08,0,0,0,0,1,0,0,0,0,0,0,1,0
11,5/7/2018 20:47,0.313890909,0.049545455,0.691454545,0.258909091,1,0.5035,0.036,0.862,0.101,0,0,1,0
0,5/7/2018 11:39,0,0,0,0,1,-0.3089,0.051,0.949,0,0.6597,0,0.649,0.351
2,5/6/2018 5:39,0.78785,0.0205,0.8635,0.116,1,0.9923,0.023,0.823,0.154,0,0,1,0
0,5/5/2018 0:12,0,0,0,0,1,0.984,0,0.796,0.204,0,0,1,0
1,5/4/2018 20:04,0,0,1,0,1,0.5267,0,0.945,0.055,0,0,1,0
11,5/4/2018 17:01,0.272818182,0.091363636,0.836090909,0.072727273,1,0.7998,0,0.792,0.208,0,0,1,0
0,5/3/2018 22:49,0,0,0,0,1,0.3167,0.053,0.887,0.06,-0.6124,0.385,0.615,0
3,5/3/2018 22:39,0.172933333,0.037333333,0.744333333,0.218333333,1,0.8142,0.059,0.806,0.135,0,0,1,0
1,5/3/2018 13:29,0,0,1,0,1,0,0,0,0,0.4019,0,0.787,0.213
1,5/3/2018 0:28,0.055642857,0.047142857,0.851285714,0.101285714,1,0.9507,0.026,0.903,0.072,0,0,1,0
2,5/1/2018 23:00,0.043483333,0.042111111,0.897111111,0.060777778,1,0.7227,0.018,0.926,0.056,0.4019,0,0.426,0.574
1,5/1/2018 1:08,0.0713,0.02925,0.8665,0.10425,1,0.9936,0.01,0.782,0.208,0.4019,0,0.649,0.351
0,4/30/2018 15:02,0,0,0,0,1,0.8218,0.032,0.88,0.088,0,0,1,0
1,4/30/2018 12:05,0.3182,0,0.943,0.057,1,0,0,0,0,0,0,1,0
0,4/29/2018 9:55,0,0,0,0,1,0,0,0,0,0,0,1,0
10,4/29/2018 5:36,0.6221,0.018,0.861333333,0.120733333,1,-0.1754,0.053,0.92,0.027,0,0,1,0
0,4/29/2018 3:06,0,0,0,0,1,0.8767,0.012,0.904,0.085,0.2263,0,0.872,0.128
0,4/28/2018 10:50,0,0,0,0,1,0,0,1,0,0.4404,0,0.633,0.367
1,4/27/2018 10:59,0.8477,0.09,0.728,0.182,1,0.9817,0.028,0.81,0.162,0.6808,0,0.472,0.528
0,4/27/2018 10:44,0,0,0,0,1,0,0,0,0,0.5719,0,0.619,0.381
0,4/27/2018 1:09,0,0,0,0,1,0,0,0,0,0,0,1,0
3,4/26/2018 21:32,0.374833333,0.025,0.803,0.171666667,1,0.7317,0.024,0.901,0.075,0,0,1,0
1,4/26/2018 12:49,0.100557143,0.045285714,0.876,0.078714286,1,0,0,0,0,0.5719,0,0.619,0.381
4,4/24/2018 0:55,0.32745,0,0.7775,0.2225,3,0.9762,0.023,0.82,0.157,0,0,1,0
0,4/23/2018 19:22,0,0,0,0,1,0,0,0,0,0.3182,0,0.753,0.247
5,4/23/2018 17:49,0.34014,0.0328,0.8568,0.1106,1,0.7399,0.041,0.81,0.149,-0.4019,0.474,0.526,0
0,4/22/2018 9:38,0,0,0,0,1,0,0,0,0,0.1725,0.103,0.718,0.179
15,4/22/2018 8:42,0.131846667,0.023133333,0.9186,0.0582,3,0,0,1,0,0,0,1,0
0,4/21/2018 8:37,0,0,0,0,1,0,0,0,0,0.4939,0,0.488,0.512
7,4/20/2018 15:31,0.461442857,0.002857143,0.512428571,0.199,1,0.9844,0,0.728,0.272,0.5106,0,0.708,0.292
4,4/20/2018 10:52,0.475525,0,0.58825,0.41175,1,0.9246,0,0.882,0.118,0,0,1,0
2,4/20/2018 3:28,0.43095,0,0.463,0.537,2,0.9429,0.031,0.788,0.181,0,0,1,0
5,4/19/2018 8:29,0.18622,0.0462,0.8492,0.1046,2,0.6808,0.035,0.827,0.138,0.4926,0,0.715,0.285
1,4/18/2018 13:51,0,0,1,0,1,0,0,0,0,0.5423,0,0.667,0.333
6,4/16/2018 18:13,0.66216,0.0018,0.8306,0.1678,2,0.9758,0,0.868,0.132,0,0,1,0
0,4/14/2018 15:55,0,0,0,0,1,0,0,0,0,0,0.086,0.828,0.086
3,4/12/2018 21:06,0.202775,0,0.7795,0.2205,1,0,0,1,0,0,0,1,0
0,4/12/2018 12:28,0,0,0,0,1,0,0,0,0,0.5859,0,0.648,0.352
2,4/11/2018 18:34,0.3526,0.0285,0.905,0.0665,1,0.7096,0,0.864,0.136,0.0772,0,0.86,0.14
0,4/10/2018 14:40,0,0,0,0,1,0.6166,0,0.776,0.224,0,0,1,0
3,4/8/2018 17:01,0.408866667,0.052666667,0.658,0.289333333,2,0.9476,0,0.755,0.245,0,0,1,0
2,4/7/2018 11:36,0.8474,0.0295,0.8005,0.17,1,0.9791,0.018,0.845,0.137,0,0,1,0
0,4/6/2018 20:45,0,0,0,0,1,0,0,0,0,0.4019,0,0.748,0.252
18,4/6/2018 12:57,0.482635294,0.034176471,0.794411765,0.171352941,1,0.7003,0.024,0.898,0.078,0.4019,0,0.69,0.31
0,4/6/2018 8:32,0,0,0,0,1,0,0,0,0,0.4019,0,0.69,0.31
6,4/5/2018 3:31,0.144283333,0.022333333,0.922666667,0.055,1,0.3182,0,0.927,0.073,0,0,1,0
1,4/4/2018 5:53,0.3182,0,0.943,0.057,1,0,0,0,0,0.4912,0.137,0.605,0.258
0,4/2/2018 14:01,0,0,0,0,2,0,0,1,0,0.4019,0,0.597,0.403
1,3/31/2018 9:26,0,0,1,0,0,0,0,0,0,0.4374,0,0.862,0.138
11,3/27/2018 17:49,0.160345455,0.061272727,0.792090909,0.146727273,6,-0.5574,0.103,0.873,0.024,0,0,1,0
9,3/27/2018 0:44,0.131422222,0.118888889,0.808888889,0.072222222,1,0,0,0,0,0,0,1,0
0,3/26/2018 16:54,0,0,0,0,1,0,0,0,0,0.5719,0,0.701,0.299
0,3/26/2018 14:18,0,0,0,0,1,0,0,0,0,0.2023,0,0.833,0.167
2,3/25/2018 21:31,0.1366,0,0.8705,0.1295,4,0.7955,0.009,0.955,0.036,0.4019,0,0.787,0.213
3,3/22/2018 8:57,0.1366,0,0.964,0.036,1,0.4939,0,0.851,0.149,0,0,1,0
0,3/22/2018 4:44,0,0,0,0,3,0,0,1,0,0,0,1,0
1,3/22/2018 2:57,0.3182,0,0.943,0.057,1,0,0,0,0,0.6249,0,0.611,0.389
6,3/21/2018 21:45,0.0904,0.032833333,0.8885,0.078666667,1,0.9146,0.043,0.809,0.148,0.4019,0,0.787,0.213
0,3/20/2018 3:56,0,0,0,0,1,0,0,0,0,-0.2481,0.142,0.858,0
1,3/19/2018 13:38,0.5719,0,0.519,0.481,1,0,0,0,0,0.1779,0,0.805,0.195
1,3/19/2018 12:20,0.3182,0,0.943,0.057,1,0,0,0,0,0.5859,0.053,0.821,0.126
7,3/19/2018 10:29,0.046042857,0.066142857,0.620714286,0.170285714,2,0.5027,0.124,0.715,0.161,-0.4767,0.22,0.78,0
0,3/19/2018 1:05,0,0,0,0,1,0.1901,0,0.937,0.063,0.3612,0,0.906,0.094
0,3/18/2018 9:10,0,0,0,0,1,0.9931,0,0.717,0.283,0.4588,0,0.4,0.6
6,3/16/2018 15:40,0.106783333,0.051333333,0.854,0.094666667,2,0.6767,0,0.921,0.079,0,0,1,0
0,3/15/2018 17:45,0,0,0,0,1,0,0,0,0,0.1779,0,0.702,0.298
2,3/14/2018 13:31,0,0,1,0,2,0,0,0,0,0,0,1,0
2,3/14/2018 12:30,0.859,0,0.687,0.313,3,0.8519,0.033,0.806,0.161,-0.3182,0.365,0.635,0
0,3/13/2018 12:47,0,0,0,0,5,0.7854,0.016,0.888,0.096,0,0,1,0
2,3/13/2018 8:26,0.5221,0,0.829,0.171,7,0,0,1,0,0,0,1,0
3,3/12/2018 22:28,0.765933333,0,0.662,0.338,5,-0.7255,0.153,0.818,0.029,-0.6648,0.227,0.773,0
0,3/12/2018 6:18,0,0,0,0,1,0,0,0,0,0.5994,0,0.55,0.45
18,3/12/2018 0:30,0.498177778,0.013,0.898833333,0.088166667,5,0.8573,0,0.941,0.059,0,0,1,0
4,3/11/2018 18:01,0.23615,0.0155,0.865,0.11925,4,0.2975,0.029,0.919,0.052,0,0,1,0
3,3/10/2018 0:48,0.2196,0,0.969666667,0.030333333,4,0.9041,0,0.89,0.11,0,0,1,0
1,3/8/2018 22:46,0.3182,0,0.943,0.057,1,0,0,0,0,0,0,1,0
0,3/6/2018 12:06,0,0,0,0,1,0,0,0,0,0,0,1,0
4,3/2/2018 20:14,0.82,0,0.799,0.201,5,0.9948,0.005,0.821,0.175,0.555,0,0.686,0.314
0,3/2/2018 20:03,0,0,0,0,1,0,0,1,0,0.555,0,0.724,0.276
1,3/2/2018 14:02,0.8636,0,0.384,0.616,1,0,0,0,0,-0.1779,0.221,0.779,0
1,3/2/2018 13:21,0.3182,0,0.943,0.057,1,0,0,0,0,0.5859,0,0.676,0.324
1,2/28/2018 22:16,0.3182,0,0.943,0.057,1,0,0,0,0,0,0,1,0
1,2/28/2018 11:42,0.8402,0,0.847,0.153,2,0,0,0,0,0.4404,0,0.805,0.195
4,2/28/2018 7:34,0.2654,0.037,0.71875,0.24425,2,0,0,0,0,0.4404,0,0.861,0.139
0,2/27/2018 14:18,0,0,0,0,1,0,0,0,0,0.4019,0,0.816,0.184
0,2/27/2018 9:23,0,0,0,0,1,0.8932,0,0.782,0.218,0.4019,0,0.69,0.31
2,2/26/2018 16:15,0.5093,0,0.904,0.096,5,0.9802,0.043,0.792,0.165,0,0,1,0
0,2/26/2018 9:34,0,0,0,0,1,0.5423,0.035,0.866,0.098,0,0,1,0
1,2/24/2018 20:06,0.3182,0,0.943,0.057,1,0,0,0,0,0,0,1,0
3,2/24/2018 19:51,0.19455,0.048,0.881,0.071,2,0,0,0,0,0,0,1,0
14,2/23/2018 17:04,0.355233333,0.009916667,0.918166667,0.071833333,8,0.9129,0,0.837,0.163,0,0,1,0
1,2/23/2018 14:39,0.3182,0,0.943,0.057,1,0,0,0,0,0,0,1,0
10,2/23/2018 7:51,0.239,0.034777778,0.805333333,0.160111111,4,0.9937,0.053,0.776,0.172,0.6249,0,0.44,0.56
2,2/22/2018 19:52,-0.03815,0.1185,0.7265,0.155,4,0.854,0.014,0.9,0.086,0,0,1,0
0,2/22/2018 15:40,0,0,0,0,1,0,0,0,0,0,0,1,0
5,2/21/2018 20:20,0.02736,0.0126,0.9766,0.0108,2,-0.6089,0.072,0.897,0.031,0.3612,0,0.8,0.2
1,2/21/2018 19:57,0,0,1,0,2,0,0,0,0,0,0,1,0
0,2/21/2018 16:00,0,0,0,0,5,0.7701,0.046,0.847,0.107,0,0,1,0
12,2/21/2018 10:57,0.19837,0.0585,0.8538,0.0877,5,0.9285,0.045,0.771,0.184,0.34,0,0.714,0.286
1,2/21/2018 6:26,0.3182,0,0.943,0.057,1,0,0,0,0,0.5106,0,0.823,0.177
5,2/20/2018 12:17,0.33918,0,0.665,0.335,2,0.9323,0,0.832,0.168,0.0772,0,0.874,0.126
13,2/19/2018 19:38,0.418576923,0.017384615,0.748538462,0.234076923,2,0.9574,0.019,0.751,0.23,0,0,1,0
1,2/19/2018 17:54,0,0,1,0,6,0,0,0,0,0.0772,0,0.944,0.056
0,2/19/2018 11:46,0,0,0,0,0,-0.2449,0.093,0.844,0.063,0.4574,0,0.572,0.428
2,2/18/2018 17:08,0.3062,0,0.844,0.156,3,0.3182,0,0.954,0.046,0,0,1,0
2,2/16/2018 3:26,0.4084,0,0.1855,0.3145,2,0,0,0,0,0,0,1,0
17,2/15/2018 21:40,0.166717647,0.072647059,0.775117647,0.152294118,1,0.9848,0,0.787,0.213,0,0,1,0
0,2/15/2018 19:29,0,0,0,0,1,0,0,0,0,0.701,0.111,0.684,0.205
1,2/15/2018 12:17,0.3182,0,0.943,0.057,1,0,0,0,0,0.3818,0,0.776,0.224
4,2/15/2018 3:13,-0.078825,0.1,0.855,0.045,4,0.9201,0.021,0.836,0.144,0,0,1,0
5,2/13/2018 17:24,0.11742,0.047,0.8788,0.0744,5,0,0,0,0,0,0,1,0
0,2/13/2018 10:36,0,0,0,0,3,0.2144,0,0.948,0.052,0,0,1,0
0,2/12/2018 21:35,0,0,0,0,5,0,0,0,0,0.9511,0,0.686,0.314
1,2/9/2018 3:06,0,0,1,0,3,0,0,0,0,0,0,1,0
5,2/9/2018 1:53,0.31988,0.0164,0.8214,0.162,1,0.1531,0.02,0.955,0.025,0.4019,0,0.69,0.31
0,2/8/2018 19:24,0,0,0,0,1,0,0,0,0,-0.7712,0.155,0.845,0
1,2/8/2018 16:55,0.3182,0,0.943,0.057,1,0,0,0,0,0.5859,0,0.73,0.27
1,2/8/2018 15:14,0.3182,0,0.943,0.057,1,0,0,0,0,0,0,1,0
4,2/8/2018 14:36,0.30405,0.0235,0.757,0.2195,1,0.9426,0.043,0.778,0.179,0,0,1,0
8,2/8/2018 7:06,0.4071375,0.004625,0.8425,0.152875,7,0.8386,0.062,0.82,0.117,0,0,1,0
0,2/7/2018 2:04,0,0,0,0,0,0,0,0,0,0.4019,0,0.881,0.119
8,2/4/2018 22:24,0.5535,0.026857143,0.771857143,0.201285714,9,0.9708,0,0.787,0.213,0.4019,0,0.748,0.252
11,2/3/2018 5:20,0.029236364,0.061181818,0.834,0.104727273,2,0.9505,0.025,0.88,0.094,0.4215,0,0.714,0.286
0,2/2/2018 9:31,0,0,0,0,1,0.9367,0,0.715,0.285,0,0,1,0
0,2/1/2018 21:03,0,0,0,0,1,0,0,0,0,0.9035,0,0.771,0.229
2,2/1/2018 5:11,0.25235,0.049,0.869,0.0815,1,0.9939,0.025,0.857,0.118,0,0,1,0
4,1/30/2018 20:03,0.234025,0.0035,0.97575,0.02075,3,0.8071,0.043,0.83,0.128,0,0,1,0
2,1/29/2018 21:50,0.7058,0.0215,0.8905,0.088,1,0.9806,0.008,0.813,0.179,0,0,1,0
1,1/29/2018 17:20,0.3182,0,0.943,0.057,1,0,0,0,0,0.1045,0.088,0.81,0.102
1,1/29/2018 15:58,0.3182,0,0.943,0.057,1,0,0,0,0,0.3818,0,0.755,0.245
1,1/26/2018 8:45,0.4478,0.079,0.791,0.13,2,0.4588,0.02,0.934,0.047,-0.2263,0.16,0.84,0
0,1/25/2018 13:25,0,0,0,0,5,0,0,0,0,0.4939,0,0.588,0.412
1,1/24/2018 17:34,0.3182,0,0.943,0.057,1,0,0,1,0,0.1027,0.156,0.656,0.189
2,1/24/2018 15:51,0.9251,0.0515,0.766,0.1825,4,0.7003,0,0.934,0.066,-0.0516,0.194,0.806,0
1,1/23/2018 17:43,0.9053,0,0.8,0.2,7,0.999,0.021,0.844,0.134,0.6908,0,0.642,0.358
4,1/23/2018 16:00,0.7022,0,0.7025,0.2975,1,0.9118,0,0.607,0.393,0.2023,0,0.917,0.083
0,1/23/2018 15:37,0,0,0,0,0,-0.0258,0.172,0.662,0.166,0,0,1,0
6,1/23/2018 14:40,0.679466667,0.036,0.783333333,0.180666667,1,0.3612,0,0.921,0.079,0.6369,0,0.588,0.412
9,1/21/2018 17:39,0.2360875,0,0.929875,0.070125,6,0.8948,0,0.875,0.125,0,0,1,0
2,1/21/2018 9:23,0.0836,0.031,0.938,0.031,2,0.4329,0,0.926,0.074,0.3612,0,0.737,0.263
0,1/19/2018 22:46,0,0,0,0,1,0.6369,0,0.826,0.174,0.6369,0,0.417,0.583
3,1/19/2018 10:58,-0.027933333,0.043666667,0.839333333,0.117,6,0.9085,0,0.818,0.182,0,0,1,0
7,1/16/2018 13:20,0.142814286,0.058714286,0.849571429,0.092,0,0.9284,0,0.745,0.255,0.8168,0,0.635,0.365
8,1/16/2018 11:58,0.2018,0.02425,0.909125,0.066625,3,0.8468,0.023,0.813,0.164,0,0,1,0
1,1/16/2018 7:18,0.3182,0,0.943,0.057,1,0,0,0,0,0,0,1,0
11,1/15/2018 11:34,0.055072727,0.033272727,0.863363636,0.103272727,1,0,0,1,0,0,0,1,0
1,1/12/2018 17:53,0.3182,0,0.943,0.057,1,0,0,0,0,0,0,1,0
9,1/11/2018 12:32,0.4264,0.002666667,0.819,0.178444444,5,0.4927,0,0.967,0.033,0,0,1,0
1,1/11/2018 6:49,0,0,1,0,1,0,0,0,0,0,0,1,0
2,1/11/2018 4:44,0.88145,0.0405,0.7645,0.195,2,0.9991,0.014,0.677,0.309,-0.5562,0.264,0.736,0
1,1/10/2018 6:05,0.3182,0,0.943,0.057,1,0,0,0,0,0.3818,0,0.833,0.167
0,1/9/2018 22:17,0,0,0,0,0,0,0,0,0,0.296,0,0.577,0.423
3,1/9/2018 17:39,0.717,0,0.797333333,0.202666667,6,0.7755,0.016,0.915,0.069,0,0,1,0
8,1/8/2018 15:53,0.530975,0,0.866625,0.133375,5,0.6966,0,0.839,0.161,0,0,1,0
2,1/7/2018 14:53,0.71805,0,0.8965,0.1035,3,0.4436,0.02,0.935,0.044,0,0,1,0
1,1/4/2018 4:39,0.3182,0,0.943,0.057,1,0,0,0,0,0,0,1,0
9,1/4/2018 4:31,0.300725,0.0315,0.907375,0.061125,3,0.9061,0,0.91,0.09,0,0,1,0
4,1/4/2018 3:49,0.902175,0.00725,0.832,0.16075,10,0.9623,0.017,0.834,0.149,0.6597,0,0.481,0.519
1,12/30/2017 12:19,0.6059,0,0.905,0.095,4,0.8987,0.011,0.911,0.077,0,0,1,0
2,12/29/2017 15:41,0.36755,0,0.94,0.06,2,0.8226,0.021,0.854,0.125,0,0,1,0
2,12/27/2017 19:07,0.4657,0.0125,0.9275,0.0605,8,0.7146,0,0.847,0.153,0,0,1,0
6,12/27/2017 5:01,0.18224,0.0932,0.781,0.1256,4,0.9236,0.078,0.79,0.133,0,0,1,0
1,12/26/2017 18:44,0.3182,0,0.943,0.057,1,0,0,0,0,0,0,1,0
0,12/26/2017 10:09,0,0,0,0,1,0,0,0,0,0.34,0,0.789,0.211
23,12/25/2017 23:37,0.3837,0.00973913,0.797521739,0.192782609,2,0.6425,0.015,0.931,0.054,0,0,1,0
0,12/24/2017 22:34,0,0,0,0,16,0,0,0,0,0,0,1,0
6,12/21/2017 21:32,0.78372,0.0106,0.6486,0.3406,2,0.6333,0.03,0.794,0.176,0.4019,0,0.649,0.351
1,12/21/2017 15:07,0.3182,0,0.943,0.057,1,0,0,1,0,0.296,0,0.577,0.423
18,12/21/2017 3:34,0.315211765,0.042058824,0.859705882,0.098235294,7,0.9312,0,0.88,0.12,0,0,1,0
0,12/19/2017 0:40,0,0,0,0,1,0.8979,0,0.912,0.088,0,0,1,0
1,12/18/2017 20:47,0.3182,0,0.943,0.057,1,0,0,0,0,0.3612,0,0.762,0.238
1,12/18/2017 19:30,0,0,1,0,2,0.6322,0,0.905,0.095,0.5994,0,0.29,0.71
1,12/15/2017 15:12,0.3182,0,0.943,0.057,1,0,0,0,0,0.4019,0,0.649,0.351
5,12/14/2017 0:14,0.15754,0.057,0.8412,0.1018,3,0.9536,0.025,0.856,0.119,0.6369,0,0.682,0.318
2,12/13/2017 11:32,0.54405,0,0.822,0.178,5,0.4227,0.015,0.932,0.053,0,0,1,0
1,12/12/2017 17:42,0.3182,0,0.943,0.057,1,0,0,0,0,0,0,1,0
11,12/11/2017 17:39,0.314433333,0.019333333,0.84825,0.049,5,-0.4306,0.038,0.939,0.023,0,0,1,0
6,12/11/2017 14:19,0.6549,0.0098,0.835,0.1552,4,0.9359,0,0.856,0.144,0,0,1,0
1,12/11/2017 14:02,0.5407,0.068,0.849,0.083,2,0,0,0,0,0,0,1,0
9,12/9/2017 20:43,0.2788,0.024666667,0.875111111,0.100111111,2,0.3265,0.031,0.852,0.117,0.3802,0,0.755,0.245
1,12/9/2017 9:36,0,0,1,0,0,0.8313,0,0.872,0.128,0,0,1,0
0,12/7/2017 13:59,0,0,0,0,1,0,0,0,0,0,0,1,0
1,12/7/2017 9:48,0.3182,0,0.943,0.057,1,0,0,0,0,0,0,1,0
1,12/7/2017 9:22,0.3182,0,0.943,0.057,1,0,0,0,0,0,0,1,0
2,12/6/2017 11:15,0,0,0.5,0,5,0,0,0,0,0,0,1,0
3,12/5/2017 9:02,-0.3057,0.152,0.741333333,0.106666667,0,0.9538,0.039,0.847,0.113,0.5093,0,0.77,0.23
4,12/5/2017 0:00,0.189966667,0.007,0.897666667,0.095333333,6,0,0,1,0,0,0,1,0
4,12/4/2017 19:58,0.3022,0.019,0.83625,0.14475,2,0.0772,0,0.952,0.048,0,0,1,0
1,12/3/2017 13:40,0,0,1,0,0,0,0,0,0,0,0,1,0
0,12/2/2017 14:13,0,0,0,0,5,0,0,0,0,0.4019,0,0.722,0.278
1,12/1/2017 13:23,0,0,1,0,0,0.6749,0,0.701,0.299,0.4019,0,0.649,0.351
0,11/30/2017 1:08,0,0,0,0,1,0,0,0,0,0.4019,0,0.748,0.252
0,11/29/2017 18:54,0,0,0,0,1,0,0,0,0,0.6892,0,0.787,0.213
4,11/29/2017 12:16,-0.14355,0.071,0.87725,0.0515,3,0.8867,0.029,0.883,0.088,0,0,1,0
8,11/29/2017 9:44,0.4663875,0.01,0.901625,0.08825,4,0.8807,0,0.824,0.176,0,0,1,0
2,11/29/2017 4:22,0,0,1,0,2,0.8955,0,0.732,0.268,0,0,1,0
4,11/28/2017 18:43,0,0,1,0,3,0.3521,0.129,0.734,0.137,0,0,1,0
4,11/28/2017 10:25,0.0683,0.04725,0.85275,0.1,0,0.5859,0,0.844,0.156,-0.4215,0.318,0.682,0
4,11/28/2017 6:34,0.8952,0.00725,0.919,0.07375,1,0.9685,0,0.848,0.152,0,0,1,0
1,11/27/2017 20:46,0.3182,0,0.943,0.057,1,0,0,0,0,0.69,0,0.637,0.363
0,11/24/2017 15:59,0,0,0,0,1,0,0,0,0,0,0,1,0
1,11/24/2017 6:30,0,0,0,0,0,0.9829,0.012,0.875,0.113,0,0,1,0
16,11/23/2017 18:37,0.07168125,0.1468125,0.5698125,0.283375,14,0.3034,0.254,0.282,0.464,0.0387,0.053,0.89,0.057
4,11/23/2017 14:48,0.2164,0.079666667,0.789,0.131333333,5,0,0,0,0,0.5267,0,0.732,0.268
0,11/22/2017 18:37,0,0,0,0,6,0,0,0,0,0.296,0.122,0.648,0.231
8,11/18/2017 21:25,0.296675,0.00675,0.82825,0.165,8,0.7964,0,0.793,0.207,0.4404,0,0.633,0.367
1,11/15/2017 16:41,0.4588,0,0.8,0.2,3,0.9582,0.04,0.882,0.078,0,0,1,0
9,11/15/2017 8:03,0.621,0.014,0.869111111,0.117,1,0.992,0.02,0.852,0.128,-0.0258,0.189,0.63,0.181
8,11/13/2017 15:53,0.2576125,0.026625,0.930625,0.04275,7,0.34,0.058,0.852,0.091,0,0,1,0
2,11/9/2017 15:42,0.1626,0.052,0.7085,0.2395,6,0.3182,0,0.892,0.108,0,0,1,0
0,11/9/2017 7:24,0,0,0,0,2,0.9953,0.011,0.869,0.12,0.6124,0,0.75,0.25
11,11/8/2017 18:59,0.55878,0.024,0.8713,0.1046,10,0.8385,0.054,0.811,0.135,0.7717,0,0.476,0.524
5,11/8/2017 16:30,0.2892,0.0306,0.87,0.0994,3,0.69,0,0.787,0.213,0,0,1,0
0,11/8/2017 5:59,0,0,0,0,1,0,0,1,0,0,0,1,0
1,11/7/2017 19:51,-0.296,0.06,0.868,0.071,1,0.9633,0.036,0.749,0.215,0.3182,0,0.635,0.365
2,11/7/2017 18:12,0.57625,0,0.7705,0.2295,5,0,0,0,0,0.4019,0,0.924,0.076
0,11/7/2017 12:07,0,0,0,0,12,0.9858,0,0.822,0.178,0,0,1,0
0,11/7/2017 3:04,0,0,0,0,1,0,0,0,0,0.3182,0,0.827,0.173
12,11/7/2017 2:25,0.30638,0.0273,0.8549,0.1178,5,0.8195,0.042,0.782,0.176,0.4767,0,0.693,0.307
0,11/6/2017 1:21,0,0,0,0,1,0.9747,0.03,0.853,0.117,0,0,1,0
0,11/3/2017 22:00,0,0,0,0,1,0,0,0,0,0,0,1,0
3,11/3/2017 14:40,0.1243,0.028333333,0.882,0.09,12,0,0,0,0,0,0,1,0
3,11/3/2017 10:47,0.31245,0,0.9115,0.0885,3,0.9042,0,0.73,0.27,0,0,1,0
11,11/3/2017 3:15,0.149933333,0,0.922222222,0.077777778,0,0.2732,0,0.937,0.063,-0.0516,0.07,0.93,0
0,11/2/2017 13:41,0,0,0,0,1,0.9307,0,0.716,0.284,0.4019,0,0.649,0.351
4,11/2/2017 12:26,0.0064,0.038,0.928666667,0.033333333,4,0.9413,0.023,0.864,0.113,0,0,1,0
3,11/2/2017 10:52,-0.2777,0.157,0.826666667,0.016333333,2,0.9781,0.02,0.678,0.301,0.0516,0.229,0.521,0.25
0,11/1/2017 1:34,0,0,0,0,1,0,0,0,0,0.4003,0,0.77,0.23
15,10/31/2017 21:09,0.388206667,0.026533333,0.791666667,0.181733333,10,0.466,0.012,0.94,0.048,0,0,1,0
10,10/30/2017 18:43,0.199458333,0.034,0.863666667,0.102416667,2,0.824,0,0.826,0.174,0.4754,0,0.721,0.279
2,10/29/2017 4:50,0.9306,0.0175,0.892,0.0905,2,0.9912,0.023,0.783,0.194,0.4019,0,0.69,0.31
3,10/27/2017 10:40,0.013883333,0.0205,0.954,0.0255,6,-0.44,0.086,0.852,0.062,-0.4019,0.184,0.816,0
1,10/27/2017 10:21,0.3182,0,0.943,0.057,1,0,0,0,0,0.2263,0,0.808,0.192
0,10/25/2017 16:04,0,0,0,0,4,0.876,0,0.816,0.184,0,0,1,0
0,10/24/2017 21:17,0,0,0,0,6,0,0,0,0,0,0,1,0
0,10/24/2017 5:22,0,0,0,0,1,0,0,0,0,0,0,1,0
2,10/24/2017 1:15,0.406833333,0.006,0.945666667,0.048333333,1,0.9783,0.026,0.79,0.184,0,0,1,0
6,10/23/2017 15:46,0.7088,0.017333333,0.784333333,0.198333333,2,0.9074,0.034,0.866,0.1,0,0,1,0
2,10/20/2017 8:24,0.5136,0.055,0.3785,0.5665,8,0.8847,0.022,0.834,0.144,0.0772,0,0.435,0.565
3,10/17/2017 16:57,0.382685714,0,0.817142857,0.182857143,16,0.7494,0,0.917,0.083,0,0,1,0
0,10/15/2017 21:02,0,0,0,0,7,0,0,0,0,0.34,0,0.789,0.211
2,10/13/2017 21:08,0.0951,0.042,0.9025,0.0555,1,0,0,0,0,0.4019,0,0.722,0.278
1,10/12/2017 16:07,0.3182,0,0.943,0.057,1,0,0,0,0,0.1779,0.158,0.651,0.191
0,10/12/2017 7:22,0,0,0,0,1,0,0,0,0,0,0,1,0
2,10/11/2017 18:29,0.3254,0.077,0.611,0.312333333,1,0,0,1,0,-0.296,0.216,0.784,0
9,10/11/2017 13:29,0.515033333,0.016777778,0.773111111,0.210222222,5,0.6652,0.098,0.757,0.145,0,0,1,0
9,10/11/2017 10:36,0.366526667,0.007266667,0.840533333,0.1522,7,0.8708,0,0.886,0.114,0,0,1,0
0,10/11/2017 8:33,0,0,0,0,5,0.6908,0,0.551,0.449,0.7184,0,0.647,0.353
3,10/10/2017 9:43,0.0536,0,0.9725,0.0275,2,0.9118,0,0.588,0.412,0.6249,0,0.611,0.389
0,10/10/2017 7:27,0,0,0,0,1,0,0,0,0,0.5859,0,0.678,0.322
6,10/9/2017 23:24,0.25954,0.0576,0.6972,0.2452,1,0.9436,0.034,0.865,0.101,0,0,1,0
0,10/9/2017 16:12,0,0,0,0,1,0,0,0,0,0.6249,0.067,0.67,0.263
1,10/9/2017 9:05,0.3182,0,0.943,0.057,1,0,0,0,0,0,0,1,0
5,10/9/2017 5:37,0.4284,0.032,0.7914,0.1766,0,0,0,1,0,0,0,1,0
2,10/9/2017 5:11,-0.23595,0.07525,0.87125,0.05325,1,-0.7685,0.182,0.767,0.051,0,0,1,0
3,10/9/2017 5:05,0.225033333,0,0.739333333,0.260666667,0,0.5859,0,0.866,0.134,0,0,1,0
1,10/9/2017 2:46,0.3182,0,0.943,0.057,1,0,0,0,0,0,0,1,0
0,10/8/2017 19:26,0,0,0,0,2,0,0,0,0,0,0.121,0.759,0.121
10,10/7/2017 16:53,0.373746667,0.0132,0.821733333,0.165066667,6,0.4577,0.097,0.766,0.137,0,0,1,0
1,10/7/2017 3:58,0.61482,0.0068,0.8784,0.1146,3,0.1027,0.032,0.93,0.038,0.5994,0,0.837,0.163
0,10/6/2017 9:13,0,0,0,0,8,0,0,0,0,-0.296,0.196,0.804,0
2,10/6/2017 4:08,0.53115,0.0335,0.804,0.1625,3,0.7684,0,0.902,0.098,0,0,1,0
0,10/5/2017 15:12,0,0,0,0,1,0.8726,0.072,0.751,0.177,0.743,0,0.526,0.474
0,10/5/2017 4:57,0,0,0,0,1,0,0,0,0,0.34,0,0.789,0.211
3,10/5/2017 1:37,0.905666667,0.02,0.800666667,0.179333333,2,0.9502,0.012,0.879,0.108,0,0,1,0
0,10/4/2017 18:49,0,0,0,0,1,0,0,0,0,0,0,1,0
6,10/4/2017 2:18,0.628733333,0.026166667,0.8135,0.160333333,4,0.9849,0.052,0.766,0.182,0,0,1,0
1,10/3/2017 10:53,0.9742,0,0.787,0.213,3,0.96,0,0.874,0.126,0,0,1,0
1,10/3/2017 7:49,0,0,1,0,7,0,0,0,0,0,0,1,0
3,10/3/2017 5:49,0.7792,0,0.666666667,0.333333333,2,0.8337,0.015,0.909,0.075,0,0,1,0
1,10/2/2017 0:00,0.6486,0,0.895,0.105,3,0.7783,0.063,0.81,0.127,0,0,1,0
19,9/28/2017 7:21,0.546511765,0.020764706,0.833058824,0.146235294,15,-0.4019,0.103,0.802,0.095,0,0,1,0
0,9/28/2017 7:06,0,0,0,0,1,0,0,0,0,0,0,1,0
12,9/27/2017 15:00,0.002466667,0.015666667,0.952333333,0.032083333,2,0.6565,0,0.895,0.105,0,0,1,0
2,9/27/2017 14:37,0.8065,0.0045,0.8295,0.166,4,0.9895,0.026,0.887,0.088,0,0,1,0
7,9/25/2017 19:01,0.204314286,0.040714286,0.798857143,0.160571429,4,0.2819,0.065,0.851,0.084,0,0,1,0
0,9/25/2017 13:06,0,0,0,0,1,0,0,0,0,0.4019,0,0.748,0.252
0,9/25/2017 10:02,0,0,0,0,3,0,0,0,0,0,0,1,0
9,9/24/2017 11:01,0.055122222,0.061777778,0.805888889,0.132,6,-0.7439,0.097,0.831,0.071,0.3182,0,0.723,0.277
12,9/24/2017 2:50,0.510981818,0.045909091,0.713909091,0.240181818,3,0.8345,0,0.912,0.088,0.2263,0,0.725,0.275
1,9/22/2017 0:07,0.3182,0,0.943,0.057,1,0,0,0,0,0.4019,0,0.597,0.403
1,9/21/2017 14:39,-0.4199,0.272,0.594,0.134,1,0,0,0,0,0,0,1,0
3,9/19/2017 17:32,-0.0453,0.209666667,0.696666667,0.094,4,0,0,0,0,0.802,0,0.625,0.375
0,9/19/2017 3:58,0,0,0,0,10,0,0,0,0,0,0,1,0
5,9/18/2017 21:57,0.4744,0.0018,0.9394,0.0586,3,0.0139,0.1,0.814,0.086,0,0,1,0
1,9/18/2017 13:34,0.3182,0,0.943,0.057,1,0,0,0,0,0.6597,0,0.866,0.134
0,9/15/2017 23:34,0,0,0,0,1,0,0,0,0,0.296,0,0.833,0.167
0,9/14/2017 13:15,0,0,0,0,1,0,0,0,0,0.4767,0,0.868,0.132
0,9/14/2017 3:09,0,0,0,0,1,0,0,0,0,0,0,1,0
10,9/13/2017 12:04,0.58425,0.015,0.8063,0.1787,2,0.2023,0.028,0.933,0.039,0,0,1,0
7,9/12/2017 9:36,0.570785714,0.014142857,0.838714286,0.147142857,0,0.9555,0,0.866,0.134,0,0,1,0
1,9/11/2017 7:53,0.3182,0,0.943,0.057,1,0,0,0,0,0.34,0,0.714,0.286
5,9/11/2017 6:09,-0.19065,0.0805,0.881,0.0385,3,0,0,1,0,0,0,1,0
2,9/8/2017 18:45,0.2538,0,0.475333333,0.524666667,1,0.916,0.02,0.818,0.162,0,0,1,0
1,9/8/2017 9:03,0.3182,0,0.943,0.057,1,0,0,0,0,0.6597,0,0.852,0.148
4,9/8/2017 1:59,0.63042,0.0028,0.8212,0.1762,2,0.9422,0,0.739,0.261,0.6369,0,0.756,0.244
0,9/7/2017 18:08,0,0,0,0,5,0.9976,0.016,0.732,0.252,0.4939,0,0.775,0.225
1,9/7/2017 13:52,0.3182,0,0.943,0.057,1,0,0,0,0,0,0,1,0
5,9/5/2017 21:01,0.16748,0.0566,0.8512,0.0924,9,0,0,0,0,0,0,1,0
1,9/5/2017 18:45,0.3182,0,0.943,0.057,1,0,0,0,0,0,0,1,0
4,9/5/2017 6:48,0.370175,0,0.7815,0.2185,14,0,0,0,0,0.4627,0,0.849,0.151
1,9/4/2017 23:04,0.25,0,0.905,0.095,1,0,0,0,0,0.4939,0,0.652,0.348
2,9/4/2017 18:55,0.2987,0,0.846,0.154,3,0,0,0,0,0,0,1,0
4,9/3/2017 1:00,0.4519,0.041333333,0.803333333,0.155333333,2,0.5632,0.04,0.88,0.081,-0.2732,0.208,0.792,0
6,9/1/2017 16:15,0.260233333,0.035666667,0.883,0.081166667,3,0.7149,0,0.858,0.142,0,0,1,0
4,8/31/2017 18:23,0.405525,0.02225,0.78475,0.19275,2,0,0,0,0,0.7579,0,0.545,0.455
1,8/31/2017 11:29,-0.6249,0.097,0.903,0,0,0.9215,0,0.934,0.066,0,0,1,0
1,8/30/2017 8:21,0,0,1,0,1,0.8713,0,0.61,0.39,0.5904,0,0.646,0.354
16,8/30/2017 3:11,0.18239375,0.0615625,0.8535,0.0850625,5,0.8555,0,0.785,0.215,0.6369,0,0.704,0.296
2,8/28/2017 8:16,0.413,0.0705,0.7945,0.135,2,0,0,0,0,0.4019,0,0.748,0.252
6,8/26/2017 4:11,0.3439,0.029166667,0.818166667,0.152666667,4,0.6222,0.047,0.83,0.123,0,0,1,0
0,8/24/2017 15:37,0,0,0,0,5,0,0,0,0,0,0,1,0
1,8/24/2017 14:58,0.3182,0,0.943,0.057,1,0,0,0,0,0,0,1,0
1,8/24/2017 12:48,0.3182,0,0.943,0.057,1,0,0,0,0,0,0,1,0
0,8/24/2017 8:23,0,0,0,0,2,0,0,0,0,0,0,1,0
0,8/24/2017 2:24,0,0,0,0,4,0,0,0,0,0,0,1,0
0,8/21/2017 14:13,0,0,0,0,1,0.296,0.054,0.884,0.062,0,0,1,0
0,8/21/2017 13:29,0,0,0,0,1,0,0,0,0,0,0,1,0
1,8/21/2017 11:38,0.3182,0,0.943,0.057,3,0,0,0,0,-0.2263,0.053,0.947,0
1,8/21/2017 9:48,0.3182,0,0.943,0.057,1,0,0,0,0,0.34,0,0.556,0.444
3,8/18/2017 18:42,0.2235,0,0.94,0.06,2,0,0,1,0,0,0,1,0
0,8/17/2017 13:48,0,0,0,0,4,0,0,0,0,0.7964,0,0.747,0.253
5,8/7/2017 1:22,0.544166667,0.041,0.886666667,0.072333333,6,0.8053,0.022,0.88,0.098,0,0,1,0
9,8/4/2017 7:28,0.057433333,0.096333333,0.770777778,0.133,1,0.5655,0.064,0.881,0.055,-0.1027,0.167,0.833,0
5,7/31/2017 7:30,0.4326,0.0132,0.7384,0.2484,8,0.316,0.029,0.921,0.05,0,0,1,0
5,7/28/2017 11:49,0.506485714,0.009428571,0.893714286,0.096857143,6,0.9497,0.019,0.768,0.213,0,0,1,0
5,7/28/2017 5:55,0.11402,0.0178,0.9556,0.0264,1,0.9353,0.048,0.831,0.121,0.4404,0,0.805,0.195
6,7/24/2017 19:08,0.478183333,0.011166667,0.829333333,0.159666667,7,0.9744,0,0.807,0.193,0.4404,0,0.707,0.293
4,7/21/2017 21:09,0.428125,0.01425,0.622,0.36375,1,0.4497,0.081,0.801,0.118,-0.3818,0.206,0.794,0
1,7/21/2017 9:25,0.743,0,0.85,0.15,1,0,0,1,0,0.4588,0,0.75,0.25
1,7/20/2017 18:14,0,0,1,0,0,-0.3875,0.103,0.822,0.075,0.4588,0,0.789,0.211
3,7/20/2017 12:17,0.18955,0.0475,0.88225,0.07025,3,0.7351,0.078,0.649,0.273,-0.2732,0.259,0.741,0
1,7/19/2017 5:10,0.296,0,0.944,0.056,3,0.9671,0,0.777,0.223,0.6114,0,0.667,0.333
3,7/19/2017 0:38,0.7589,0.028,0.843666667,0.128666667,5,0.9927,0.029,0.809,0.162,0.4019,0,0.881,0.119
8,7/18/2017 6:16,0.251885714,0.015428571,0.930714286,0.053857143,1,0.95,0.04,0.857,0.104,0.1901,0,0.863,0.137
1,7/17/2017 9:37,0.743,0,0.85,0.15,1,0,0,1,0,0.296,0,0.761,0.239
6,7/15/2017 22:56,0.49714,0.017,0.9194,0.0636,4,-0.7391,0.11,0.83,0.06,-0.2732,0.344,0.656,0
0,7/15/2017 15:07,0,0,0,0,3,0.6661,0.029,0.885,0.087,0,0,1,0
1,7/13/2017 13:25,0.2263,0,0.903,0.097,1,0.8402,0,0.786,0.214,0,0,1,0
8,7/12/2017 7:40,0.27555,0.009375,0.785375,0.080375,3,-0.3382,0.076,0.924,0,0.1027,0.198,0.566,0.236
4,7/11/2017 1:48,0.253325,0.02175,0.81975,0.15875,6,0.8714,0,0.835,0.165,0.7263,0,0.664,0.336
3,7/9/2017 14:16,0.460033333,0.046333333,0.864666667,0.089333333,7,0.4926,0,0.883,0.117,0.3182,0,0.753,0.247
22,7/6/2017 14:54,0.453622727,0.046909091,0.827363636,0.125681818,6,0.9195,0,0.781,0.219,0.3612,0,0.615,0.385
6,7/5/2017 15:46,0.544333333,0.027,0.804833333,0.168166667,5,0.4389,0.065,0.775,0.16,0,0,1,0
3,7/5/2017 10:37,0.457133333,0.047333333,0.827333333,0.125,0,0,0,1,0,0.6249,0,0.631,0.369
0,7/4/2017 13:22,0,0,0,0,5,-0.7744,0.104,0.857,0.039,0,0,1,0
0,7/3/2017 20:02,0,0,0,0,0,-0.4501,0.04,0.96,0,0,0,1,0
9,6/30/2017 14:08,0.326033333,0.087333333,0.679,0.233777778,0,0.997,0.035,0.833,0.132,-0.68,0.337,0.663,0
4,6/26/2017 19:57,0.71135,0.0245,0.799,0.1765,4,0.9352,0,0.874,0.126,0,0,1,0
3,6/26/2017 1:34,0.699975,0,0.7495,0.2505,2,0.9844,0.01,0.85,0.14,0.296,0,0.804,0.196
5,6/24/2017 5:38,0.33704,0.015,0.8894,0.0956,4,0.8176,0,0.816,0.184,0,0,1,0
6,6/22/2017 14:28,0.1115,0.0365,0.883333333,0.080166667,5,0,0,1,0,0,0,1,0
1,6/20/2017 9:14,-0.6705,0.379,0.621,0,6,0.9231,0,0.919,0.081,0,0,1,0
4,6/19/2017 14:16,0.348975,0.03375,0.8965,0.06975,4,0.8809,0.016,0.877,0.107,0,0,1,0
1,6/19/2017 3:55,0.4404,0,0.707,0.293,2,0.9531,0.018,0.825,0.158,0.4019,0,0.526,0.474
8,6/18/2017 18:14,0.46085,0.008125,0.87725,0.114625,4,0.6046,0.029,0.879,0.092,0,0,1,0
2,6/17/2017 18:01,0,0,1,0,0,0.6696,0,0.893,0.107,0,0,1,0
0,6/16/2017 21:34,0,0,0,0,3,0.9836,0.007,0.855,0.139,0,0,1,0
3,6/14/2017 11:34,0.314466667,0.032,0.837,0.131,1,0.2406,0.079,0.816,0.105,0,0,1,0
1,6/13/2017 8:00,0,0,1,0,5,0.7088,0.052,0.879,0.069,0,0,1,0
6,6/12/2017 11:41,0.293833333,0.0175,0.845166667,0.137333333,4,0.0772,0,0.966,0.034,-0.1779,0.436,0.297,0.267
0,6/9/2017 9:28,0,0,0,0,0,0.9313,0.06,0.484,0.456,0,0,1,0
3,6/9/2017 2:54,0.343733333,0,0.929333333,0.070666667,3,0.9554,0,0.898,0.102,0.4019,0,0.748,0.252
0,6/9/2017 1:14,0,0,0,0,3,0.1531,0.072,0.843,0.084,-0.1027,0.179,0.672,0.149
4,6/8/2017 21:15,0.473675,0.037,0.85175,0.111,3,0,0,1,0,0.128,0,0.909,0.091
6,6/8/2017 17:33,0.258933333,0.024,0.902,0.074,7,0.9475,0.027,0.83,0.144,0.1779,0,0.779,0.221
0,6/5/2017 21:55,0,0,0,0,1,0.926,0.02,0.898,0.082,0.4019,0,0.649,0.351
7,6/5/2017 1:53,0.91986,0.0132,0.8418,0.1448,9,0.4404,0.045,0.854,0.101,0,0,1,0
0,6/3/2017 4:45,0,0,0,0,1,0,0,1,0,0.6597,0,0.481,0.519
0,6/1/2017 18:22,0,0,0,0,0,0.8046,0.04,0.819,0.14,0,0,1,0
6,6/1/2017 13:53,0.628416667,0.016333333,0.790833333,0.193,0,0.9135,0.057,0.691,0.252,0,0,1,0
5,5/29/2017 17:00,0.12052,0.1246,0.7192,0.1562,6,-0.9236,0.059,0.918,0.023,0,0,1,0
10,5/23/2017 14:10,0.36679,0.0392,0.8243,0.1367,3,0.8219,0.029,0.827,0.144,0,0,1,0
1,5/22/2017 7:10,-0.4767,0.756,0.244,0,0,0,0,1,0,0,0,1,0
1,5/21/2017 22:41,-0.0258,0.041,0.919,0.04,6,0.4497,0,0.955,0.045,0.3182,0,0.753,0.247
0,5/18/2017 14:46,0,0,0,0,1,0.5423,0,0.866,0.134,0,0,1,0
0,5/16/2017 16:00,0,0,0,0,7,0.9943,0.008,0.829,0.163,0,0,1,0
3,5/15/2017 16:20,0.414266667,0,0.539,0.461,5,0.3612,0.046,0.866,0.088,0,0,1,0
2,5/15/2017 6:27,0.85795,0,0.619,0.381,2,0.6486,0,0.675,0.325,0.4019,0,0.597,0.403
8,5/14/2017 20:19,0.3203,0.0655,0.827875,0.106625,10,-0.3049,0.082,0.857,0.06,0,0,1,0
7,5/14/2017 8:50,0.524557143,0.064714286,0.832857143,0.102428571,7,0.6908,0,0.882,0.118,0.7882,0,0.68,0.32
3,5/14/2017 6:25,0.910375,0.03675,0.79225,0.17175,9,0.8377,0.02,0.87,0.11,0,0,1,0
0,5/13/2017 8:23,0,0,0,0,1,0,0,1,0,0.7351,0,0.64,0.36
5,5/12/2017 23:55,0.365583333,0.026333333,0.8585,0.115166667,5,0.4696,0.029,0.905,0.066,0.4168,0,0.892,0.108
0,5/11/2017 18:38,0,0,0,0,4,0.9631,0.072,0.66,0.268,0.6369,0,0.741,0.259
4,5/11/2017 12:44,0.1338,0.04525,0.93075,0.024,4,0.4738,0,0.864,0.136,0,0,1,0
10,5/11/2017 11:36,0.36706,0.0191,0.7837,0.0972,8,0.9652,0,0.744,0.256,0,0,1,0
0,5/9/2017 19:58,0,0,0,0,1,0,0,1,0,0,0,1,0
0,5/8/2017 23:29,0,0,0,0,3,0.8802,0,0.711,0.289,0,0,1,0
0,5/6/2017 15:49,0,0,0,0,7,0.9841,0,0.751,0.249,0,0,1,0
0,5/5/2017 14:59,0,0,0,0,1,0,0,1,0,0.7929,0,0.794,0.206
1,5/1/2017 23:58,0,0,1,0,2,0.802,0,0.888,0.112,0,0,1,0
8,4/30/2017 14:12,0.2195125,0,0.738125,0.136875,0,0.9832,0.004,0.893,0.103,0,0,1,0
5,4/29/2017 13:12,0.47838,0,0.8428,0.1572,4,0.6996,0,0.852,0.148,0,0,1,0
2,4/28/2017 2:50,0.8849,0,0.7395,0.2605,2,0.8101,0,0.892,0.108,0,0,1,0
7,4/27/2017 21:46,0.5543,0.008142857,0.830714286,0.161142857,6,0.9468,0.046,0.709,0.245,0,0,1,0
0,4/26/2017 12:29,0,0,0,0,1,0,0,1,0,0,0,1,0
1,4/26/2017 6:01,0.9538,0,0.656,0.344,3,0.8343,0,0.844,0.156,0,0,1,0
3,4/26/2017 5:09,0.4576,0,0.713,0.287,5,0.9702,0,0.726,0.274,0,0,1,0
5,4/25/2017 14:07,0.53462,0.0042,0.89,0.1058,2,0.7059,0.022,0.875,0.102,0,0,1,0
2,4/22/2017 17:56,0.9216,0.024,0.856,0.119,2,0.9129,0.038,0.828,0.134,0,0,1,0
5,4/19/2017 18:07,0.27818,0.0296,0.9054,0.0652,1,0.814,0.086,0.74,0.174,0,0,1,0
0,4/19/2017 14:23,0,0,0,0,0,0.9521,0.031,0.831,0.139,0.6705,0,0.645,0.355
1,4/19/2017 13:19,0.5579,0,0.87,0.13,2,0.9754,0,0.871,0.129,0,0,1,0
6,4/17/2017 15:03,0.454133333,0.014333333,0.814166667,0.171333333,1,0.8739,0,0.885,0.115,0.4019,0,0.649,0.351
3,4/13/2017 16:00,0.2689,0,0.908666667,0.091333333,0,0,0,1,0,0.296,0,0.82,0.18
9,4/12/2017 3:32,0.604911111,0.027333333,0.827222222,0.145666667,10,0.8426,0.034,0.787,0.179,0.3612,0,0.828,0.172
3,4/11/2017 17:37,0.723233333,0.01,0.765,0.225,2,0.9531,0,0.584,0.416,0.4019,0,0.748,0.252
7,4/10/2017 3:00,0.176383333,0.0535,0.831,0.1155,5,0.9018,0.028,0.865,0.107,0.69,0,0.637,0.363
0,4/4/2017 15:36,0,0,0,0,1,0,0,1,0,0,0,1,0
0,4/3/2017 17:38,0,0,0,0,5,0.9678,0.013,0.866,0.121,0,0,1,0
4,4/3/2017 16:30,0.5335,0.00475,0.8375,0.15775,5,0.2617,0,0.958,0.042,0,0,1,0
7,4/2/2017 11:54,0.381285714,0.026571429,0.825857143,0.147428571,5,0.7039,0,0.907,0.093,0,0,1,0
3,4/1/2017 12:30,0.676966667,0.014,0.816,0.17,3,0.7948,0.02,0.876,0.105,0,0,1,0
8,3/31/2017 14:26,0.2553125,0.03275,0.9035,0.06375,2,0.9564,0,0.846,0.154,0,0,1,0
6,3/31/2017 14:07,0.038333333,0.083,0.6265,0.123833333,1,0.5588,0,0.919,0.081,0,0,1,0
2,3/30/2017 18:20,0.57935,0.0445,0.8265,0.129,5,0.9371,0.017,0.778,0.205,0,0,1,0
11,3/29/2017 15:42,0.374909091,0.031454545,0.794,0.174545455,5,0.4606,0,0.951,0.049,0,0,1,0
5,3/28/2017 0:17,0.359,0.0114,0.8956,0.093,3,0.9213,0.03,0.887,0.084,0,0,1,0
13,3/27/2017 10:20,0.169723077,0.020076923,0.792538462,0.187384615,1,0.8361,0,0.887,0.113,0,0,1,0
2,3/20/2017 16:53,0.51315,0,0.5165,0.4835,2,0.8622,0.018,0.824,0.159,0,0,1,0
6,3/17/2017 10:04,0.38466,0.0526,0.8276,0.1196,3,0.7964,0,0.798,0.202,0,0,1,0
17,3/14/2017 21:51,0.213,0.039,0.86928,0.09176,3,0.8626,0.031,0.87,0.099,0,0,1,0
9,3/14/2017 13:11,0.350088889,0.072333333,0.757777778,0.169888889,1,0.91,0,0.791,0.209,0,0,1,0
14,3/12/2017 6:42,0.214966667,0.0495,0.878666667,0.071916667,1,0.412,0.059,0.86,0.081,0,0,1,0
2,3/9/2017 0:41,0.45055,0,0.7635,0.2365,3,0.9495,0.041,0.853,0.106,0.34,0,0.745,0.255
5,3/8/2017 15:27,0.55454,0,0.928,0.072,1,0.5775,0,0.923,0.077,0.4019,0,0.816,0.184
2,3/8/2017 3:58,-0.2104,0.0825,0.8515,0.066,2,0.8826,0.066,0.804,0.13,-0.5267,0.595,0.405,0
2,3/7/2017 17:09,0.7625,0.027,0.8845,0.088,3,0.4865,0,0.957,0.043,0,0,1,0
0,3/5/2017 19:11,0,0,0,0,1,0,0,1,0,0,0,1,0
1,3/5/2017 19:11,0.9141,0,0.912,0.088,4,0.7744,0.027,0.829,0.144,0,0,1,0
0,3/2/2017 20:13,0,0,0,0,1,0,0,1,0,0.4404,0,0.818,0.182
2,3/2/2017 16:16,0.649,0,0.836333333,0.163666667,5,0.8812,0.038,0.845,0.117,0.296,0,0.833,0.167
0,3/2/2017 11:43,0,0,0,0,1,0,0,1,0,0.2023,0,0.87,0.13
0,3/2/2017 11:26,0,0,0,0,1,0,0,1,0,0.2023,0,0.87,0.13
0,3/1/2017 18:11,0,0,0,0,1,0,0,1,0,0.4574,0,0.728,0.272
8,3/1/2017 13:15,0.68365,0.018,0.84975,0.13225,3,0.8707,0,0.879,0.121,0.4404,0,0.775,0.225
1,2/27/2017 16:03,0.9627,0,0.762,0.238,5,0.6486,0,0.845,0.155,0,0,1,0
0,2/25/2017 1:15,0,0,0,0,2,0.9625,0,0.876,0.124,0,0,1,0
1,2/24/2017 14:59,0.707,0,0.254,0.746,4,0,0,1,0,0,0,1,0
2,2/16/2017 14:41,0,0,1,0,2,-0.3818,0.025,0.962,0.013,0.3818,0,0.606,0.394
2,2/16/2017 14:11,-0.0408,0.019,0.9725,0.0085,4,0.8807,0,0.884,0.116,0,0,1,0
8,2/15/2017 7:42,0.4833125,0.0265,0.823125,0.150375,3,0.5182,0,0.9,0.1,0,0,1,0
0,2/14/2017 7:50,0,0,0,0,3,0.5048,0.052,0.836,0.112,0,0,1,0
18,2/10/2017 17:10,0.421938889,0.024833333,0.869777778,0.105333333,2,-0.4687,0.045,0.939,0.016,0,0,1,0
2,2/9/2017 13:22,0.2202,0,0.5,0.5,1,0.3182,0,0.951,0.049,0,0,1,0
9,2/6/2017 12:05,0.386477778,0.036666667,0.846444444,0.116888889,7,0.9054,0.057,0.805,0.138,0,0,1,0
37,2/4/2017 18:53,0.26935625,0.02725,0.88371875,0.08903125,10,0.7814,0.127,0.712,0.161,-0.0772,0.141,0.733,0.126
2,2/3/2017 21:06,0.2608,0.068,0.751,0.181,2,0.5583,0,0.862,0.138,0,0,1,0
8,2/3/2017 12:20,0.2301375,0.01175,0.8985,0.089625,3,0.7543,0.036,0.888,0.077,0.3818,0,0.822,0.178
5,2/2/2017 13:42,0.2143,0,0.7574,0.2426,2,0.96,0,0.877,0.123,0.5562,0,0.715,0.285
5,2/1/2017 20:16,0.2772,0.0318,0.8198,0.1484,1,0.9549,0,0.811,0.189,0.3182,0,0.796,0.204
3,1/26/2017 0:09,-0.0436,0.016,0.969666667,0.014333333,3,-0.7906,0.216,0.784,0,-0.628,0.256,0.744,0
0,1/23/2017 21:01,0,0,0,0,2,0.6239,0,0.831,0.169,0,0,1,0
0,1/20/2017 8:29,0,0,0,0,1,-0.438,0.121,0.879,0,0,0,1,0
1,1/19/2017 20:57,0.2144,0,0.972,0.028,4,0.8942,0.022,0.828,0.15,0.4019,0,0.649,0.351
0,1/18/2017 5:25,0,0,0,0,0,-0.0258,0.022,0.957,0.021,-0.3182,0.204,0.796,0
0,1/16/2017 15:25,0,0,0,0,2,0.6486,0.027,0.854,0.119,0,0,1,0
5,1/15/2017 23:00,0.06485,0.051,0.8775,0.0715,4,0.9548,0.045,0.745,0.21,0.4019,0,0.769,0.231
1,1/12/2017 19:22,0.8977,0.03,0.844,0.126,3,0.0516,0.102,0.787,0.111,0.1779,0,0.855,0.145
9,1/12/2017 17:07,0.203022222,0.034,0.869444444,0.096444444,6,0.9319,0.017,0.818,0.165,0.4927,0,0.738,0.262
4,1/12/2017 16:15,-0.070675,0.08325,0.833,0.08375,1,0.3947,0.05,0.823,0.126,-0.2732,0.072,0.928,0
2,1/11/2017 22:41,0.3719,0.028,0.8785,0.0935,3,0.5423,0,0.907,0.093,0,0,1,0
8,1/2/2017 4:50,0.360825,0,0.835375,0.164625,5,0.884,0.08,0.792,0.128,0.5538,0,0.834,0.166
0,12/30/2016 19:38,0,0,0,0,1,0,0,1,0,0,0,1,0
2,12/29/2016 3:52,0.6335,0.0055,0.8735,0.121,1,0.874,0.019,0.917,0.064,0,0,1,0
0,12/28/2016 21:15,0,0,0,0,3,0.0772,0.083,0.802,0.115,0,0,1,0
0,12/22/2016 14:48,0,0,0,0,2,0,0,1,0,0.6369,0,0.606,0.394
10,12/21/2016 14:20,0.452855556,0.010333333,0.812222222,0.177555556,3,0.34,0,0.957,0.043,0.4019,0,0.597,0.403
1,12/19/2016 11:23,0.7964,0,0.74,0.26,2,0.9851,0.021,0.843,0.136,0,0,1,0
9,12/18/2016 4:45,0.1160125,0.13275,0.677625,0.189375,4,0.3506,0.028,0.894,0.078,0,0,1,0
13,12/18/2016 0:17,0.655007692,0.012923077,0.783307692,0.203769231,8,0.7319,0,0.908,0.092,0,0,1,0
16,12/17/2016 5:45,0.51675625,0.02375,0.8346875,0.141625,5,0.9501,0,0.904,0.096,0.743,0,0.622,0.378
2,12/16/2016 17:33,0.67135,0.025,0.8795,0.095,5,0.8442,0,0.835,0.165,0.5267,0,0.595,0.405
0,12/15/2016 17:35,0,0,0,0,2,0.1926,0,0.895,0.105,0.1779,0,0.876,0.124
6,12/12/2016 19:48,0.3116,0.0215,0.890166667,0.088333333,3,0.6542,0.041,0.88,0.079,0,0,1,0
9,12/12/2016 14:30,0.7457,0.0185,0.8526,0.1288,9,-0.0237,0.051,0.913,0.036,0,0,1,0
1,12/12/2016 10:10,0,0,1,0,0,0.957,0.006,0.936,0.058,0,0,1,0
12,12/12/2016 4:25,0.078475,0.01625,0.822666667,0.077833333,3,0.7964,0,0.785,0.215,0,0,1,0
12,12/11/2016 19:30,0.311391667,0.012916667,0.857583333,0.129416667,1,0.8679,0.028,0.844,0.127,0,0,1,0
5,12/11/2016 17:08,0.61848,0.0034,0.7938,0.2028,1,0.9715,0,0.831,0.169,0.296,0,0.82,0.18
0,12/11/2016 17:03,0,0,0,0,1,0,0,1,0,0,0,1,0
2,12/8/2016 9:20,0.44425,0,0.9615,0.0385,3,0.8904,0.017,0.892,0.091,-0.0516,0.375,0.625,0
0,12/6/2016 22:03,0,0,0,0,2,0.5707,0.039,0.887,0.074,-0.6114,0.444,0.556,0
8,12/4/2016 18:46,0.3952625,0.018125,0.871625,0.11025,3,0.8221,0.032,0.743,0.225,0,0,1,0
0,12/2/2016 1:55,0,0,0,0,1,0,0,1,0,0,0,1,0
9,12/1/2016 23:20,0.199133333,0.044222222,0.839222222,0.116555556,4,0.6848,0,0.819,0.181,0,0,1,0
0,12/1/2016 20:05,0,0,0,0,6,0,0,1,0,0,0,1,0
9,11/28/2016 20:44,0.541511111,0.024,0.817666667,0.158222222,5,-0.1768,0.022,0.953,0.025,0,0,1,0
0,11/25/2016 7:05,0,0,0,0,5,0.3182,0,0.859,0.141,0,0,1,0
0,11/22/2016 20:40,0,0,0,0,2,0.9477,0,0.818,0.182,0,0,1,0
12,11/18/2016 11:16,0.07342,0.0182,0.954,0.0278,1,0.8146,0,0.906,0.094,0.7184,0,0.4,0.6
3,11/15/2016 20:48,-0.190766667,0.164333333,0.779333333,0.056333333,1,0,0,1,0,0,0,1,0
0,11/9/2016 20:20,0,0,0,0,1,0.9587,0,0.795,0.205,0.3818,0,0.833,0.167
9,11/7/2016 16:10,0.5179625,0.104,0.716875,0.179125,15,-0.7913,0.159,0.768,0.072,-0.5719,0.439,0.561,0
0,11/4/2016 13:40,0,0,0,0,1,0,0,1,0,0.34,0,0.676,0.324
1,10/29/2016 20:01,0.3612,0,0.783,0.217,3,0.4497,0,0.894,0.106,0.5267,0,0.714,0.286
8,10/26/2016 2:09,0.0002,0.122,0.76825,0.109875,1,0.5859,0.061,0.841,0.098,-0.7527,0.304,0.696,0
0,10/24/2016 0:21,0,0,0,0,1,0,0,1,0,0.3182,0,0.813,0.187
4,10/23/2016 23:54,0.4118,0.027666667,0.868666667,0.103666667,10,0.9978,0.028,0.81,0.162,0.3818,0,0.698,0.302
4,10/23/2016 15:58,0.62045,0,0.85825,0.14175,1,0.8904,0.055,0.812,0.132,0.1759,0.161,0.63,0.209
2,10/19/2016 4:32,0.62705,0.0165,0.8895,0.094,2,0.9377,0,0.857,0.143,0,0,1,0
18,10/17/2016 9:23,0.218284211,0.023052632,0.868421053,0.108526316,12,0.7865,0,0.95,0.05,-0.1761,0.096,0.904,0
2,10/12/2016 8:38,0.6406,0.083,0.7105,0.2065,2,0.871,0.028,0.71,0.262,0.4019,0,0.816,0.184
8,10/11/2016 16:50,-0.0344875,0.167375,0.72725,0.1055,4,0.9123,0.071,0.744,0.185,0,0,1,0
3,10/10/2016 8:05,-0.076766667,0.055,0.901,0.044333333,1,0.9001,0,0.831,0.169,0,0,1,0
0,10/7/2016 11:04,0,0,0,0,2,0,0,1,0,0,0,1,0
2,10/7/2016 8:09,0.23765,0,0.872,0.128,5,0.9824,0,0.829,0.171,0,0,1,0
5,10/6/2016 20:31,0.40056,0.0448,0.8398,0.1152,3,0.9889,0.014,0.903,0.083,0,0,1,0
3,10/5/2016 22:06,0.0913,0.023333333,0.883333333,0.093,8,0.9554,0.039,0.844,0.117,0.0772,0.183,0.609,0.209
3,10/5/2016 10:32,0.459433333,0.031666667,0.906333333,0.062,2,-0.6486,0.057,0.924,0.019,0,0,1,0
1,10/2/2016 21:34,0.5475,0.027,0.898,0.075,4,0.765,0,0.88,0.12,0,0,1,0
2,9/26/2016 17:34,-0.13345,0.0385,0.9345,0.0265,2,0.6046,0,0.959,0.041,0,0,1,0
6,9/23/2016 1:43,0.75444,0.0214,0.7922,0.1866,3,0.8953,0,0.842,0.158,0.34,0,0.893,0.107
5,9/22/2016 23:43,0.34404,0.0354,0.7604,0.2042,1,0.9747,0,0.74,0.26,0.5106,0,0.476,0.524
0,9/22/2016 20:55,0,0,0,0,1,0.9501,0.027,0.856,0.117,0.4019,0,0.816,0.184
6,9/14/2016 16:33,0.295233333,0.01,0.924833333,0.065166667,2,0.9392,0,0.854,0.146,0.4019,0,0.722,0.278
22,9/12/2016 22:56,0.172131818,0.065863636,0.796272727,0.092363636,2,0.9493,0.03,0.759,0.211,0.0516,0.162,0.662,0.176
4,9/7/2016 14:02,0.572,0.021,0.79925,0.17975,0,0,0,1,0,0,0,1,0
0,9/7/2016 6:31,0,0,0,0,0,0.2732,0,0.919,0.081,0,0,1,0
6,9/5/2016 20:40,0.387683333,0.037,0.7315,0.231333333,8,0.6793,0,0.877,0.123,0,0,1,0
5,9/5/2016 13:51,0.02318,0.0302,0.9282,0.0418,2,-0.1655,0.087,0.824,0.089,0.4019,0,0.597,0.403
4,8/31/2016 12:13,0.45155,0,0.92775,0.07225,6,0.9331,0,0.854,0.146,0,0,1,0
0,8/26/2016 10:43,0,0,0,0,0,0.8979,0,0.896,0.104,0,0,1,0
6,8/24/2016 12:32,0.3647,0.018166667,0.776166667,0.205666667,3,0.4404,0,0.909,0.091,0,0,1,0
0,8/24/2016 8:06,0,0,0,0,0,0.993,0.021,0.844,0.136,0.4019,0,0.769,0.231
3,8/24/2016 3:26,0,0,1,0,0,0.7644,0.016,0.891,0.093,0,0,1,0
0,8/23/2016 8:58,0,0,0,0,0,0.9764,0.013,0.906,0.081,0,0,1,0
0,8/22/2016 8:08,0,0,0,0,1,0.9719,0.017,0.906,0.077,0,0,1,0
29,8/20/2016 4:48,0.538896429,0.036464286,0.836178571,0.127428571,3,0.9922,0.022,0.896,0.082,0,0,1,0
0,8/20/2016 2:40,0,0,0,0,1,0.993,0.004,0.858,0.138,0,0,1,0
5,8/19/2016 16:11,-0.47828,0.0642,0.9194,0.0166,10,0.8924,0.02,0.851,0.128,0.3818,0,0.822,0.178
1,8/19/2016 10:27,-0.1027,0.189,0.811,0,0,0.9866,0.006,0.897,0.097,0,0,1,0
0,8/18/2016 7:49,0,0,0,0,0,0.9975,0.021,0.807,0.173,0,0,1,0
11,8/17/2016 22:34,0.212858333,0.0785,0.81475,0.106916667,5,0.8668,0,0.787,0.213,0.4019,0,0.69,0.31
0,8/17/2016 7:18,0,0,0,0,0,0.9863,0.02,0.867,0.113,0,0,1,0
1,8/16/2016 8:28,0.34,0,0.854,0.146,2,0.9886,0.051,0.811,0.138,-0.128,0.236,0.569,0.195
1,8/15/2016 8:26,0.6813,0.022,0.904,0.074,0,0.9976,0.026,0.764,0.21,0,0,1,0
0,8/13/2016 2:29,0,0,0,0,2,0.9823,0.033,0.862,0.106,0,0,1,0
0,8/12/2016 2:47,0,0,0,0,1,0.9909,0.004,0.884,0.112,0,0,1,0
0,8/11/2016 6:30,0,0,0,0,1,0.9932,0.032,0.839,0.13,0,0,1,0
0,8/5/2016 7:39,0,0,0,0,2,0.0767,0.072,0.852,0.076,0,0,1,0
8,8/4/2016 23:06,0.66135,0.0035,0.880625,0.115875,9,0.9396,0.013,0.86,0.127,0,0,1,0
1,8/4/2016 7:22,0.6565,0.031,0.869,0.101,1,0.9976,0.009,0.837,0.154,0.296,0.255,0.283,0.462
0,8/3/2016 6:04,0,0,0,0,0,0.9896,0.037,0.848,0.116,0,0,1,0
2,7/31/2016 21:38,0.4868,0,0.876,0.124,3,0.9668,0.016,0.781,0.203,0.6597,0,0.156,0.844
2,7/29/2016 2:21,-0.0374,0.128,0.8405,0.0315,2,-0.956,0.119,0.803,0.078,0.0772,0.296,0.37,0.333
2,7/26/2016 8:16,-0.19565,0.0595,0.907,0.0335,2,0.7579,0.05,0.759,0.191,0.4767,0,0.744,0.256
2,7/26/2016 2:28,0.6481,0.0195,0.847,0.134,2,0.6249,0,0.896,0.104,0,0,1,0
8,7/25/2016 21:37,0.634525,0.0015,0.792375,0.206125,1,0.8944,0,0.887,0.113,0,0,1,0
0,7/25/2016 3:33,0,0,0,0,1,0.0267,0.049,0.894,0.057,0.34,0,0.769,0.231
1,7/21/2016 17:38,0.9676,0.017,0.837,0.146,3,0.8494,0.049,0.776,0.175,0.7184,0,0.222,0.778
9,7/21/2016 14:47,0.512977778,0.024,0.825777778,0.150222222,5,-0.6889,0.095,0.825,0.081,0,0,1,0
3,7/18/2016 6:23,0.284533333,0.065,0.764666667,0.170333333,1,0.9979,0.018,0.788,0.194,0,0,1,0
7,7/17/2016 8:41,0.158928571,0.032142857,0.899571429,0.067857143,0,0.8885,0,0.807,0.193,0.34,0.054,0.833,0.113
0,7/15/2016 9:40,0,0,0,0,0,-0.9916,0.142,0.796,0.062,-0.6633,0.33,0.67,0
5,7/12/2016 16:15,0.16854,0.147,0.701,0.152,2,-0.4753,0.136,0.789,0.075,0,0,1,0
5,7/10/2016 17:33,0.35294,0,0.759,0.241,3,0.7778,0,0.686,0.314,0,0,1,0
4,7/10/2016 13:11,0.310525,0.049,0.8835,0.0675,4,0.7991,0,0.883,0.117,0,0,1,0
2,7/2/2016 7:47,0.4916,0.0125,0.8385,0.149,1,0.25,0.036,0.902,0.062,0.6705,0,0.154,0.846
3,6/26/2016 8:18,0.306566667,0.005666667,0.935333333,0.059,5,0.4404,0.072,0.777,0.15,-0.4019,0.403,0.597,0
11,6/23/2016 23:10,0.403583333,0.0255,0.694333333,0.28025,9,0.4003,0,0.969,0.031,0,0,1,0
4,6/23/2016 15:53,0.1468,0,0.86,0.14,2,-0.2617,0.063,0.898,0.039,0,0,1,0
5,6/22/2016 9:06,0.356125,0,0.8625,0.1375,2,0.4515,0.025,0.915,0.06,0.8588,0,0.777,0.223
6,6/21/2016 2:02,0.3537,0,0.8502,0.1498,7,0.7845,0,0.797,0.203,0,0,1,0
0,6/20/2016 18:56,0,0,0,0,0,0,0,1,0,0.4754,0,0.781,0.219
1,6/20/2016 18:41,-0.8934,0.438,0.562,0,0,0,0,1,0,0.4754,0,0.781,0.219
0,6/19/2016 11:07,0,0,0,0,2,0.4019,0,0.968,0.032,0,0,1,0
6,6/17/2016 13:51,0.4045,0,0.7715,0.2285,1,0,0,1,0,0,0,1,0
2,6/16/2016 15:45,-0.19735,0.125,0.875,0,4,0.8519,0,0.795,0.205,0,0,1,0
13,6/14/2016 18:16,0.332769231,0.015846154,0.776538462,0.207615385,7,0.9369,0.048,0.747,0.205,0,0,1,0
4,6/13/2016 20:59,0.44095,0,0.71475,0.28525,4,0.4939,0.058,0.844,0.098,0,0,1,0
2,6/4/2016 15:05,0.6011,0,0.1265,0.8735,2,0.9843,0,0.802,0.198,0.4019,0,0.69,0.31
1,6/1/2016 13:10,0.3612,0,0.545,0.455,5,0.6696,0.022,0.906,0.072,0.4019,0,0.649,0.351
0,6/1/2016 11:43,0,0,0,0,1,0,0,1,0,0,0,1,0
4,5/27/2016 19:07,0.353375,0,0.7455,0.2545,5,0.6476,0,0.711,0.289,0.4588,0,0.667,0.333
0,5/27/2016 14:14,0,0,0,0,1,0,0,1,0,0,0,1,0
10,5/27/2016 8:33,0.406736364,0.003818182,0.826909091,0.169272727,12,0.9565,0,0.825,0.175,0.6369,0,0.417,0.583
10,5/19/2016 15:46,0.329622222,0.011111111,0.892222222,0.096666667,4,0,0,1,0,0.6369,0,0.625,0.375
2,5/17/2016 11:40,0.40055,0,0.8515,0.1485,2,0.9837,0,0.741,0.259,0.6908,0,0.612,0.388
18,5/16/2016 16:58,0.352394118,0.026294118,0.854235294,0.119470588,7,0.906,0.022,0.851,0.127,0,0,1,0
8,5/16/2016 11:29,0.33675,0,0.8285,0.1715,2,0.9256,0,0.869,0.131,0,0,1,0
10,5/16/2016 7:28,0.400636364,0.031272727,0.836454545,0.132181818,2,0.7351,0,0.869,0.131,0,0,1,0
0,5/16/2016 4:45,0,0,0,0,3,0.0772,0,0.933,0.067,0.6486,0,0.71,0.29
14,5/13/2016 10:44,0.461057143,0.022142857,0.821071429,0.156785714,2,-0.4497,0.128,0.778,0.094,0,0,1,0
15,5/9/2016 15:58,0.595573333,0.059266667,0.806266667,0.134533333,3,0.85,0.047,0.833,0.12,0.7906,0,0.467,0.533
0,5/3/2016 7:56,0,0,0,0,3,0.7096,0,0.937,0.063,0.3818,0,0.755,0.245
0,5/2/2016 11:08,0,0,0,0,3,0.9954,0.029,0.831,0.139,0.34,0,0.862,0.138
0,4/30/2016 19:04,0,0,0,0,1,0,0,1,0,0,0,1,0
9,4/29/2016 14:59,0.443588889,0.021333333,0.835111111,0.143333333,3,0.8693,0.033,0.851,0.116,0.69,0,0.637,0.363
4,4/26/2016 8:11,0.40635,0.0115,0.86825,0.1205,3,0.7359,0.055,0.854,0.091,0.4019,0,0.69,0.31
9,4/22/2016 7:47,0.679933333,0.037666667,0.783777778,0.178555556,2,0.6848,0.052,0.852,0.096,0,0,1,0
1,4/21/2016 23:33,0.4215,0,0.798,0.202,1,0.9633,0,0.794,0.206,0.25,0,0.714,0.286
3,4/21/2016 20:28,0,0,1,0,3,0.3657,0,0.904,0.096,0,0,1,0
5,4/20/2016 23:44,0.2204,0.0308,0.72,0.2494,3,0.6709,0.105,0.684,0.211,0.296,0,0.775,0.225
5,4/20/2016 21:31,0.00498,0.0722,0.8612,0.0666,8,0.7808,0.051,0.844,0.105,0.2481,0,0.778,0.222
0,4/15/2016 7:41,0,0,0,0,1,0,0,1,0,0.34,0,0.676,0.324
0,4/15/2016 0:01,0,0,0,0,1,0,0,1,0,0,0,1,0
2,4/14/2016 15:26,0.7141,0.028,0.7855,0.187,5,0.5859,0,0.873,0.127,0,0,1,0
7,4/13/2016 14:07,0.062914286,0,0.857142857,0.142857143,5,0.5273,0,0.928,0.072,0.3612,0,0.737,0.263
6,4/12/2016 14:47,0.563116667,0.015166667,0.8685,0.116,2,0.8738,0,0.862,0.138,0,0,1,0
0,4/12/2016 7:01,0,0,0,0,3,0,0,1,0,0,0,1,0
13,4/11/2016 0:19,0.305723077,0.026923077,0.812153846,0.160846154,2,0.6024,0.045,0.835,0.121,0.6369,0,0.656,0.344
4,4/9/2016 14:47,0.0193,0,0.6985,0.0515,4,0.5106,0,0.883,0.117,0,0,1,0
2,4/8/2016 2:23,0.1909,0.012,0.961,0.0265,2,-0.8316,0.111,0.835,0.055,-0.5106,0.452,0.548,0
1,4/7/2016 22:03,0.3384,0,0.932,0.068,2,0,0,1,0,0,0,1,0
0,4/7/2016 17:44,0,0,0,0,1,0.9439,0.019,0.816,0.165,0,0,1,0
5,4/6/2016 3:56,0.42582,0.006,0.8808,0.1132,5,0.5574,0,0.925,0.075,0,0,1,0
0,3/31/2016 23:45,0,0,0,0,1,0,0,1,0,0,0,1,0
6,3/31/2016 20:08,0.4769,0.004666667,0.8835,0.111833333,3,0.8309,0,0.907,0.093,0,0,1,0
2,3/31/2016 7:19,0,0,1,0,0,0.4373,0.034,0.872,0.095,0.7906,0,0.759,0.241
0,3/27/2016 14:55,0,0,0,0,4,0.4389,0.032,0.899,0.069,0.4019,0,0.597,0.403
11,3/22/2016 17:51,0.283658333,0.047416667,0.789666667,0.162666667,6,0.8779,0.023,0.872,0.105,0.2732,0,0.741,0.259
11,3/21/2016 15:37,0.120118182,0.062272727,0.869727273,0.068,3,-0.1894,0.073,0.881,0.046,-0.128,0.231,0.769,0
3,3/19/2016 13:23,0.11335,0.0595,0.864,0.0765,5,-0.5996,0.066,0.896,0.038,-0.3182,0.119,0.881,0
8,3/8/2016 15:45,0.675025,0.01725,0.616125,0.3665,1,0.9568,0,0.816,0.184,0.4019,0,0.748,0.252
2,3/8/2016 11:33,0.4525,0.018,0.9055,0.0765,1,0.9311,0,0.821,0.179,0.5859,0,0.743,0.257
4,3/3/2016 23:12,0.5802,0.02225,0.82175,0.156,3,0.9837,0,0.807,0.193,0.4404,0,0.805,0.195
15,2/27/2016 11:49,0.47526,0.0296,0.785866667,0.1846,4,0.9722,0.027,0.806,0.167,0,0,1,0
6,2/24/2016 12:54,0.295983333,0,0.561666667,0.271666667,8,0.8588,0,0.851,0.149,0.2716,0,0.861,0.139
1,2/23/2016 22:28,0.5267,0,0.937,0.063,1,0.6369,0,0.896,0.104,0.4019,0,0.769,0.231
5,2/22/2016 2:49,0.35876,0,0.9304,0.0696,5,0.9331,0,0.79,0.21,0,0,1,0
0,2/21/2016 2:28,0,0,0,0,3,0.8634,0.026,0.857,0.117,0,0,1,0
0,2/12/2016 23:45,0,0,0,0,3,0.4939,0,0.877,0.123,0.2263,0.207,0.519,0.274
6,2/9/2016 23:33,0.79085,0.009166667,0.492333333,0.4985,2,0.8689,0.057,0.605,0.338,0.9029,0,0.519,0.481
0,2/9/2016 23:23,0,0,0,0,1,0,0,1,0,0.7964,0,0.628,0.372
1,2/8/2016 17:22,0.9097,0,0.49,0.51,7,0.7269,0,0.663,0.337,0,0,1,0
8,2/8/2016 14:16,0.4848875,0.058125,0.790875,0.151125,2,0.9897,0,0.797,0.203,0.6696,0,0.527,0.473
9,2/7/2016 19:49,0.436066667,0.012666667,0.889777778,0.097555556,2,0.9643,0,0.827,0.173,0.4019,0,0.769,0.231
0,2/7/2016 19:47,0,0,0,0,3,0.9938,0.026,0.836,0.138,0,0,1,0
16,2/3/2016 6:06,0.467646667,0.0248,0.824266667,0.150733333,5,0.9688,0.02,0.843,0.137,0.4019,0,0.597,0.403
1,1/29/2016 15:35,-0.4497,0.059,0.941,0,3,0,0,1,0,0,0,1,0
8,1/29/2016 14:19,0.570011111,0.017555556,0.808222222,0.174111111,4,0.9136,0,0.78,0.22,0.0772,0,0.843,0.157
1,1/27/2016 23:28,0.4201,0,0.93,0.07,1,0.2732,0,0.826,0.174,0,0,1,0
3,1/22/2016 10:19,0.438466667,0.004,0.954666667,0.041333333,3,0.8537,0.02,0.892,0.087,0,0,1,0
1,1/22/2016 8:59,0.1531,0.028,0.914,0.058,1,0.9647,0.027,0.791,0.182,0.4019,0,0.769,0.231
17,1/17/2016 14:09,0.187763158,0.042894737,0.898631579,0.058473684,2,0.8431,0.098,0.65,0.252,0,0,1,0
3,1/15/2016 23:32,0.8195,0.009333333,0.861666667,0.129,1,0.9875,0,0.754,0.246,0,0,1,0
0,1/15/2016 14:26,0,0,0,0,1,0.961,0,0.844,0.156,0,0,1,0
1,1/13/2016 21:44,0.5124,0.076,0.7585,0.165,1,0.1997,0,0.955,0.045,0,0,1,0
0,1/9/2016 8:13,0,0,0,0,0,0.8807,0.046,0.797,0.156,0.6124,0,0.643,0.357
4,1/6/2016 22:39,0.751725,0.0285,0.784,0.1875,3,0,0,1,0,0.4019,0,0.597,0.403
5,1/6/2016 21:24,0.3375,0.0342,0.8472,0.1184,2,0.9056,0.016,0.903,0.081,0,0,1,0
5,1/3/2016 20:06,0.2268,0.0368,0.8976,0.0658,5,0.4696,0,0.954,0.046,0,0,1,0
0,1/2/2016 14:22,0,0,0,0,6,0.957,0.024,0.89,0.086,0,0,1,0
14,1/2/2016 9:23,-0.054507143,0.098357143,0.82,0.081714286,3,-0.4766,0.095,0.808,0.097,0,0,1,0
6,12/31/2015 17:15,0.5989,0.009,0.879166667,0.111833333,1,0.9539,0.008,0.885,0.107,0,0,1,0
0,12/17/2015 6:23,0,0,0,0,0,0.765,0,0.863,0.137,0,0,1,0
0,12/14/2015 11:51,0,0,0,0,1,0,0,1,0,0,0,1,0
4,12/12/2015 8:05,0.414425,0.00725,0.929,0.06375,3,0.8234,0.071,0.742,0.187,0,0,1,0
10,12/8/2015 20:51,0.54831,0.0255,0.7371,0.2375,5,0.9276,0.031,0.885,0.085,0,0,1,0
0,12/7/2015 11:26,0,0,0,0,1,0,0,1,0,0,0,1,0
0,12/6/2015 1:23,0,0,0,0,1,0,0,1,0,0.7579,0,0.835,0.165
0,12/4/2015 19:23,0,0,0,0,1,0,0,1,0,0.7579,0,0.839,0.161
3,12/3/2015 2:52,0.315233333,0.011333333,0.725666667,0.263,3,0.6597,0,0.888,0.112,0,0,1,0
0,12/2/2015 16:01,0,0,0,0,1,0,0,1,0,0.4767,0,0.9,0.1
0,12/2/2015 1:05,0,0,0,0,0,-0.1779,0.02,0.98,0,0,0,1,0
2,12/1/2015 20:55,0.33435,0.0175,0.932,0.05,2,0.975,0,0.797,0.203,0,0,1,0
9,11/28/2015 1:12,0.540366667,0.030222222,0.835777778,0.134,2,0.9139,0.048,0.853,0.099,0.4019,0,0.722,0.278
5,11/19/2015 17:15,0.39066,0.0866,0.7878,0.1254,1,0.6959,0,0.843,0.157,0,0,1,0
0,11/17/2015 8:43,0,0,0,0,1,0.9022,0,0.862,0.138,0,0,1,0
7,11/8/2015 16:38,0.669728571,0.008428571,0.855857143,0.135571429,2,0.9485,0.022,0.884,0.094,0,0,1,0
9,11/6/2015 18:10,0.129388889,0.050222222,0.874666667,0.075111111,2,-0.5972,0.056,0.934,0.011,0.4019,0,0.69,0.31
105,11/6/2015 18:08,0.163210811,0.048018018,0.84745045,0.104513514,11,0,0,1,0,0.4019,0,0.769,0.231
10,10/27/2015 19:15,0.3735,0.0566,0.7837,0.1597,2,0.4854,0,0.923,0.077,0,0,1,0
4,10/26/2015 16:50,0.397875,0.0145,0.90275,0.08275,2,0.8206,0.02,0.833,0.146,0,0,1,0
6,10/20/2015 3:35,0.644783333,0.021666667,0.8105,0.1675,3,0.5171,0,0.934,0.066,0,0,1,0
2,10/16/2015 18:27,0,0,1,0,2,0.9555,0,0.672,0.328,0,0,1,0
4,10/15/2015 6:07,0.556375,0.01025,0.846,0.14375,1,0.34,0,0.939,0.061,0.3818,0,0.698,0.302
0,10/5/2015 23:27,0,0,0,0,1,0,0,1,0,0.4926,0,0.775,0.225
0,10/1/2015 15:57,0,0,0,0,2,0,0,1,0,0,0,1,0
0,9/27/2015 22:11,0,0,0,0,0,0,0,1,0,0,0,1,0
9,9/22/2015 17:27,0.683733333,0.023444444,0.885888889,0.090666667,5,0.9048,0.017,0.917,0.065,0.0258,0.202,0.588,0.21
3,9/19/2015 19:16,0.2961,0.015333333,0.929666667,0.055,5,0.3612,0.063,0.816,0.121,-0.211,0.347,0.44,0.213
4,9/14/2015 23:32,0.001025,0.06625,0.81325,0.12075,3,0.9851,0.015,0.775,0.21,0.3182,0,0.723,0.277
3,9/12/2015 5:20,-0.1649,0.141666667,0.833333333,0.025,3,0.6902,0.079,0.794,0.127,0,0,1,0
0,9/8/2015 20:48,0,0,0,0,3,0.765,0,0.858,0.142,0.4019,0,0.597,0.403
0,8/25/2015 9:03,0,0,0,0,1,0.8111,0.041,0.687,0.271,0.3818,0,0.794,0.206
0,8/21/2015 8:20,0,0,0,0,1,0.3182,0,0.919,0.081,0,0,1,0
3,8/14/2015 8:05,0.5028,0,0.821666667,0.178333333,3,0.9749,0,0.675,0.325,0,0,1,0
9,8/10/2015 14:36,0.40281,0.0216,0.8049,0.1735,3,-0.0875,0.105,0.794,0.101,0.4939,0,0.849,0.151
0,8/7/2015 2:37,0,0,0,0,1,0.7964,0,0.798,0.202,0.296,0,0.476,0.524
3,8/4/2015 2:13,0.25715,0.0205,0.711,0.2685,2,0.9108,0,0.832,0.168,0.4019,0,0.649,0.351
0,7/30/2015 18:44,0,0,0,0,1,0,0,1,0,0,0,1,0
0,7/30/2015 15:14,0,0,0,0,1,0,0,1,0,0,0,1,0
12,7/26/2015 17:16,0.200623077,0.018923077,0.914923077,0.066230769,2,0.9717,0.023,0.82,0.156,0.4588,0,0.625,0.375
4,7/25/2015 13:22,0.532966667,0.045,0.807,0.148,5,0.3182,0,0.874,0.126,0,0,1,0
2,7/23/2015 15:20,0.2899,0.013333333,0.949333333,0.037666667,2,0.784,0.041,0.788,0.171,0,0,1,0
5,7/15/2015 14:33,0.4628,0.0156,0.8256,0.1588,1,0.9001,0,0.841,0.159,0.4019,0,0.69,0.31
4,7/14/2015 19:00,-0.109425,0.031,0.9505,0.0185,3,-0.4135,0.136,0.72,0.144,0,0.179,0.641,0.179
4,7/9/2015 18:11,0.554725,0.008,0.76375,0.228,2,0.7708,0,0.851,0.149,0,0,1,0
0,7/7/2015 14:08,0,0,0,0,4,0.9873,0.011,0.83,0.16,0.1779,0,0.702,0.298
0,7/7/2015 7:09,0,0,0,0,1,0.4019,0,0.938,0.062,0,0,1,0
8,6/29/2015 4:10,0.4409875,0.0055,0.869,0.1255,2,0.791,0.03,0.886,0.084,0,0,1,0
1,6/28/2015 17:10,0.7915,0.058,0.803,0.139,2,0.9645,0,0.782,0.218,0,0,1,0
0,6/26/2015 11:17,0,0,0,0,1,0.1779,0,0.968,0.032,0.0258,0,0.82,0.18
4,6/24/2015 14:11,0.15555,0,0.81,0.19,0,0,0,1,0,0,0,1,0
0,6/17/2015 12:40,0,0,0,0,1,0.9781,0.009,0.857,0.134,0,0,1,0
0,6/17/2015 3:04,0,0,0,0,2,0.7269,0.032,0.832,0.136,0.3182,0,0.635,0.365
6,5/23/2015 5:48,0,0,1,0,1,0.8934,0,0.853,0.147,0,0,1,0
6,5/23/2015 1:14,0.325283333,0.006166667,0.836333333,0.1575,2,0.908,0,0.837,0.163,0,0,1,0
2,5/21/2015 4:59,0.4976,0.0215,0.847,0.1315,5,0.0772,0,0.947,0.053,0.5994,0,0.71,0.29
2,5/16/2015 3:46,0.6987,0,0.633,0.367,7,0.9847,0.01,0.787,0.203,0.8,0,0.645,0.355
5,5/3/2015 18:38,0.0167,0.0265,0.67825,0.04525,0,0.7212,0.037,0.842,0.121,0,0,1,0
5,4/15/2015 13:17,0.77226,0.019,0.777,0.204,4,0.948,0.052,0.75,0.198,0,0,1,0
2,4/15/2015 7:33,0.23075,0.0595,0.796,0.1445,1,0.7713,0,0.767,0.233,0.6249,0,0.661,0.339
5,4/13/2015 13:06,0.2808,0.0336,0.6792,0.2872,1,0.9614,0.029,0.734,0.238,0.4019,0,0.526,0.474
7,4/11/2015 23:37,0.221128571,0.02,0.87,0.109857143,7,0.9042,0,0.614,0.386,0.2023,0,0.625,0.375
2,4/11/2015 3:57,0.6451,0,0.4525,0.5475,3,0.6705,0.042,0.782,0.176,0,0,1,0
0,3/31/2015 23:52,0,0,0,0,2,0.9615,0,0.836,0.164,0,0,1,0
0,3/25/2015 12:20,0,0,0,0,5,0.8684,0,0.865,0.135,0,0,1,0
0,3/10/2015 13:04,0,0,0,0,1,0.9066,0.046,0.78,0.173,0.4019,0,0.649,0.351
4,3/3/2015 3:56,0.195825,0.04075,0.84675,0.1125,0,0,0,1,0,0,0,1,0
1,2/25/2015 18:56,0.6299,0.028,0.887,0.085,1,0.7882,0,0.919,0.081,0,0,1,0
0,2/24/2015 15:02,0,0,0,0,1,0.2023,0,0.942,0.058,0,0,1,0
7,2/22/2015 17:49,0.4375,0.018571429,0.835285714,0.146,1,0.334,0.014,0.945,0.042,0,0,1,0
0,2/17/2015 15:35,0,0,0,0,6,0.765,0,0.868,0.132,0,0,1,0
0,2/17/2015 12:41,0,0,0,0,0,0.4404,0,0.854,0.146,0,0,1,0
0,2/5/2015 20:39,0,0,0,0,2,0.5574,0,0.854,0.146,0,0,1,0
0,1/31/2015 1:20,0,0,0,0,0,0.6249,0,0.758,0.242,0.7845,0,0.559,0.441
0,1/29/2015 15:15,0,0,0,0,0,0.7269,0,0.762,0.238,0.3182,0,0.892,0.108
0,1/29/2015 2:36,0,0,0,0,2,0.8176,0,0.73,0.27,0.2263,0,0.828,0.172
2,1/29/2015 0:22,0.4486,0,0.79,0.21,0,0.9804,0.014,0.766,0.22,0.7345,0,0.708,0.292
4,1/14/2015 20:50,0.507375,0.01925,0.87825,0.1025,2,0.9725,0,0.826,0.174,0,0,1,0
2,1/13/2015 12:11,0.2725,0,0.949,0.051,1,0.8865,0.084,0.682,0.234,0,0,1,0
2,1/8/2015 14:02,0.71,0,0.525,0.475,3,0.5994,0,0.841,0.159,0.2263,0,0.725,0.275
2,12/12/2014 23:54,0.9359,0.06,0.6545,0.2855,2,0.9638,0.017,0.747,0.236,0.6369,0,0.625,0.375
8,11/8/2014 17:03,0.3915875,0.001,0.83175,0.167375,3,0.3137,0.051,0.876,0.073,0,0,1,0
1,10/13/2014 15:18,0.3291,0,0.942,0.058,2,0.7177,0,0.838,0.162,0,0,1,0
0,10/5/2014 5:56,0,0,0,0,0,0.8523,0.024,0.86,0.116,0.5362,0,0.822,0.178
0,9/22/2014 17:31,0,0,0,0,2,0.9134,0.021,0.858,0.121,0,0,1,0
1,8/31/2014 18:20,0,0,1,0,0,0.3612,0,0.857,0.143,0,0,1,0
7,8/19/2014 12:59,0.494285714,0.039142857,0.814571429,0.146142857,3,0.6124,0,0.878,0.122,0,0,1,0
5,8/6/2014 19:04,0.36666,0.003,0.8604,0.1366,2,0.4588,0,0.917,0.083,0,0,1,0
0,7/9/2014 9:55,0,0,0,0,0,0.8885,0,0.753,0.247,0,0,1,0
0,1/30/2014 16:53,0,0,0,0,1,0.8439,0.044,0.852,0.104,0.68,0,0.663,0.337
